uniprot	pos
A0A2I0BVG8	191
A0A509AFG4	230
A0A509AHB6	190
A0A509AKL0	668
A0A509AQE6	238
A0A5K1K8H0	245
A2ZVI7	190
A5A7I7	218
A5A7I8	196
A5K0N4	657
A8KAM8	826
A8X6H4	144
B9FKW9	192
F1QGZ6	134
O14757	130
O15146	725
O15865	192
O35280	130
O43318	156
O49717	226
O74536	156
O75582	177
O75582	544
O75676	161
O75676	530
O75914	402
O76360	593
O77676	484
O77708	136
O80673	251
O88643	389
O88831	311
O95382	771
O96013	440
O97143	138
P00516	484
P00519	363
P00523	386
P00533	837
P04049	468
P04629	650
P05129	480
P05771	466
P06213	1159
P06782	177
P07333	778
P08413	136
P08414	160
P09619	826
P0C605	484
P10721	792
P11362	623
P11730	136
P11799	1574
P13234	160
P15056	576
P15791	136
P16234	818
P17252	463
P17948	1022
P21802	626
P22455	612
P22607	617
P23443	218
P25323	130
P28482	149
P28582	205
P28583	158
P28652	136
P28829	522
P29323	746
P31749	274
P31751	275
P35465	388
P35508	128
P35916	1037
P35968	1028
P36507	194
P36888	811
P41279	253
P41743	378
P43403	461
P45985	229
P46734	190
P48730	128
P49101	189
P49136	115
P49137	186
P49138	172
P49139	152
P49674	128
P51812	193
P51812	539
P53355	139
P53682	197
P53683	209
P53684	203
P54645	150
P54646	139
P62343	191
P62344	191
P62345	193
P67998	218
P67999	218
P70336	214
P83741	368
P93759	178
Q00771	142
Q00944	546
Q01974	615
Q02750	190
Q06486	128
Q06850	274
Q07912	252
Q08E52	388
Q09137	139
Q0D715	178
Q0DYK7	216
Q12851	136
Q13043	149
Q13131	150
Q13153	389
Q13164	182
Q13177	367
Q13188	146
Q13233	1369
Q13464	198
Q13554	136
Q13555	136
Q13557	136
Q13976	484
Q14012	141
Q14680	132
Q15349	184
Q15349	532
Q15418	187
Q15418	535
Q16566	164
Q16584	241
Q16620	676
Q16644	166
Q1PE17	197
Q1PFH8	222
Q28948	139
Q28GW8	134
Q29502	368
Q2HJF7	136
Q2QQR2	274
Q2QVG8	208
Q2QX45	173
Q2QY37	207
Q2RAV0	207
Q38868	215
Q38869	149
Q38870	310
Q38871	221
Q38872	209
Q38873	183
Q39016	150
Q3E9C0	192
Q3MHJ9	136
Q3SYZ2	168
Q3UMW7	168
Q3Y416	276
Q42396	146
Q42438	181
Q42479	202
Q53P85	171
Q5BP74	128
Q5EG47	150
Q5RC72	128
Q5RD00	139
Q5RDH5	145
Q5VQQ5	185
Q5VT25	201
Q61036	402
Q61846	132
Q62073	156
Q62120	976
Q62829	387
Q63450	141
Q64303	368
Q66H84	168
Q69IM9	234
Q6AVI8	225
Q6DE87	130
Q6F3A6	257
Q6FI27	181
Q6I587	214
Q6I5I8	197
Q6K968	198
Q6NLQ6	187
Q6P3K7	128
Q6P647	128
Q6PHZ2	136
Q6R2V0	366
Q6TJY3	218
Q6Z2M9	185
Q6ZIU9	224
Q75GE8	188
Q7RAH3	190
Q7RAV5	232
Q7RJG2	193
Q7T2E3	128
Q7TNJ7	143
Q7XIM0	230
Q7XJR9	234
Q7XSQ5	215
Q7YQL3	402
Q7YQL4	402
Q80YE7	139
Q84SL0	199
Q852N6	237
Q8AXB4	407
Q8AYC9	130
Q8BRK8	139
Q8BSK8	218
Q8BW96	144
Q8C078	312
Q8CIN4	367
Q8I719	664
Q8IBS5	193
Q8ICR0	192
Q8IU85	144
Q8IVH8	136
Q8IW41	148
Q8LPZ7	201
Q8N5S9	275
Q8RWL2	209
Q8VBY2	275
Q8VDF3	149
Q8W4I7	178
Q91821	134
Q91VB2	143
Q91YS8	141
Q91ZN7	130
Q923T9	136
Q92918	137
Q95266	136
Q96NX5	143
Q96RG2	1128
Q96RR4	312
Q99558	515
Q99683	803
Q99N57	468
Q9C6P3	197
Q9DC28	128
Q9FIM9	271
Q9FKW4	188
Q9FMP5	197
Q9FX86	278
Q9FXQ3	212
Q9H2X6	324
Q9H4A3	368
Q9JIH7	368
Q9LET1	252
Q9LJL9	272
Q9M101	193
Q9M9V8	187
Q9NJU9	238
Q9QZR5	324
Q9S9V0	156
Q9SCS2	276
Q9SG12	270
Q9SIQ7	190
Q9SJ61	256
Q9SSF8	183
Q9SZM3	148
Q9TXJ0	144
Q9UIK4	149
Q9VI13	549
Q9WUM7	324
Q9Y243	271
Q9Y6R4	1463
Q9Y898	243
Q9Y899	141
Q9ZSA2	204
Q9ZSA3	164
Q9ZSA4	156
Q9ZUZ2	271
Q9ZV15	258
W0LYS5	153
W7JX98	664
