msa	uniprot	start_cre	end_cre	term_id_cre	length_cre	pdb	start_pdb	end_pdb	overlap_cre	start_kd	end_kd	term_id_kd	length_kd	overlap_kd	no_seqs	no_pdbs
A5K0N4_60	A5K0N4	1	22	cre10	22	5f0a	1	846	22	534	791	kd10	258	259	9	7
A5K0N4_60	A5K0N4	1	22	cre10	22	5dzc	1	843	22	534	791	kd10	258	259	9	7
A5K0N4_60	A5K0N4	1	22	cre10	22	5dyl	1	816	22	534	791	kd10	258	259	9	7
A5K0N4_60	A5K0N4	1	22	cre10	22	4rz7	1	815	22	534	791	kd10	258	259	9	7
A5K0N4_60	A5K0N4	1	22	cre10	22	5fet	2	816	21	534	791	kd10	258	259	9	7
A5K0N4_60	A5K0N4	1	22	cre10	22	5ezr	2	815	21	534	791	kd10	258	259	9	7
A5K0N4_60	Q8I719	1	29	cre223	29	5dyk	15	853	15	541	798	kd223	258	259	9	7
O74536_60	O74536	305	351	cre21	47	3h4j	27	351	47	34	285	kd21	252	253	4	1
O75582_60	O75582	702	723	cre22	22	3kn5	415	729	23	426	687	kd23	262	263	101	7
O75582_60	O75582	702	723	cre22	22	3kn6	415	729	23	426	687	kd23	262	263	101	7
O75582_60	O75582	702	723	cre22	22	7up4	415	728	23	426	687	kd23	262	263	101	7
O75582_60	O75582	702	723	cre22	22	7up5	415	728	23	426	687	kd23	262	263	101	7
O75582_60	O75582	702	723	cre22	22	7up7	415	728	23	426	687	kd23	262	263	101	7
O75582_60	O75582	702	723	cre22	22	7up8	415	727	23	426	687	kd23	262	263	101	7
O75582_60	O75582	702	723	cre22	22	7up6	416	707	6	426	687	kd23	262	263	101	7
O77676_60	Q13976	50	75	cre134	26	7lv3	57	671	19	360	619	kd132	260	261	92	1
O96013_60	O96013	1	130	cre32	130	5upk	4	588	127	321	572	kd34	252	253	65	5
O96013_60	O96013	1	130	cre32	130	4l67	39	589	92	321	572	kd34	252	253	65	5
O96013_60	O96013	1	130	cre32	130	4fie	49	590	82	321	572	kd34	252	253	65	5
O96013_60	O96013	1	130	cre32	130	4fii	49	590	82	321	572	kd34	252	253	65	5
O96013_60	O96013	1	130	cre32	130	4fif	49	589	82	321	572	kd34	252	253	65	5
P00519_60	P00519	61	233	cre36	173	2fo0	46	511	174	242	493	kd37	252	253	67	39
P00519_60	P00519	61	233	cre36	173	1opl	62	512	172	242	493	kd37	252	253	67	39
P00519_60	P00519	61	233	cre36	173	5mo4	64	512	170	242	493	kd37	252	253	67	39
P00519_60	P00519	61	233	cre36	173	4xey	122	504	112	242	493	kd37	252	253	67	39
P00519_60	P00519	61	233	cre36	173	2f4j	227	513	7	242	493	kd37	252	253	67	39
P00519_60	P00519	61	233	cre36	173	2hz0	228	497	6	242	493	kd37	252	253	67	39
P00519_60	P00519	61	233	cre36	173	6xr6	229	515	5	242	493	kd37	252	253	67	39
P00519_60	P00519	61	233	cre36	173	6xr7	229	515	5	242	493	kd37	252	253	67	39
P00519_60	P00519	61	233	cre36	173	6xrg	229	515	5	242	493	kd37	252	253	67	39
P00519_60	P00519	61	233	cre36	173	2g1t	229	507	5	242	493	kd37	252	253	67	39
P00519_60	P00519	61	233	cre36	173	2e2b	229	502	5	242	493	kd37	252	253	67	39
P00519_60	P00519	61	233	cre36	173	2g2i	229	502	5	242	493	kd37	252	253	67	39
P00519_60	P00519	61	233	cre36	173	2gqg	229	500	5	242	493	kd37	252	253	67	39
P00519_60	P00519	61	233	cre36	173	5hu9	229	499	5	242	493	kd37	252	253	67	39
P00519_60	P00519	61	233	cre36	173	3qri	229	498	5	242	493	kd37	252	253	67	39
P00519_60	P00519	61	233	cre36	173	3qrk	229	496	5	242	493	kd37	252	253	67	39
P00519_60	P00519	61	233	cre36	173	2hiw	230	499	4	242	493	kd37	252	253	67	39
P00519_60	P00519	61	233	cre36	173	6npe	232	511	2	242	493	kd37	252	253	67	39
P00519_60	P00519	61	233	cre36	173	3pyy	232	510	2	242	493	kd37	252	253	67	39
P00519_60	P00519	61	233	cre36	173	6npu	232	510	2	242	493	kd37	252	253	67	39
P00519_60	P00519	61	233	cre36	173	6npv	232	510	2	242	493	kd37	252	253	67	39
P00519_60	P00519	61	233	cre36	173	2g2f	232	506	2	242	493	kd37	252	253	67	39
P00519_60	P00519	61	233	cre36	173	7cc2	232	501	2	242	493	kd37	252	253	67	39
P00519_60	P00519	61	233	cre36	173	3cs9	232	500	2	242	493	kd37	252	253	67	39
P00519_60	P00519	61	233	cre36	173	7w7x	232	500	2	242	493	kd37	252	253	67	39
P00519_60	P00519	61	233	cre36	173	7w7y	232	500	2	242	493	kd37	252	253	67	39
P00519_60	P00519	61	233	cre36	173	2g2h	233	504	1	242	493	kd37	252	253	67	39
P00519_60	P00519	61	233	cre36	173	6bl8	233	504	1	242	493	kd37	252	253	67	39
P00519_60	P00519	61	233	cre36	173	2v7a	233	503	1	242	493	kd37	252	253	67	39
P00519_60	P00519	61	233	cre36	173	4twp	233	503	1	242	493	kd37	252	253	67	39
P00519_60	P00519	61	233	cre36	173	4zog	233	503	1	242	493	kd37	252	253	67	39
P00519_60	P00519	61	233	cre36	173	3ue4	233	502	1	242	493	kd37	252	253	67	39
P00519_60	P00519	61	233	cre36	173	4yc8	233	502	1	242	493	kd37	252	253	67	39
P00519_60	P00519	61	233	cre36	173	2hz4	233	500	1	242	493	kd37	252	253	67	39
P00519_60	P00519	61	233	cre36	173	2hzi	233	500	1	242	493	kd37	252	253	67	39
P00519_60	P00519	61	233	cre36	173	7dt2	233	500	1	242	493	kd37	252	253	67	39
P00519_60	P00519	61	233	cre36	173	7n9g	233	499	1	242	493	kd37	252	253	67	39
P00519_60	P00519	61	233	cre36	173	2hyy	233	498	1	242	493	kd37	252	253	67	39
P00519_60	P00519	61	233	cre36	173	3qrj	233	497	1	242	493	kd37	252	253	67	39
P00523_60	P00523	88	248	cre37	161	2ptk	83	528	162	267	520	kd38	254	255	59	69
P00523_60	P00523	520	533	cre38	14	2ptk	83	528	9	267	520	kd38	254	255	59	69
P00523_60	P00523	520	533	cre38	14	3geq	251	533	14	267	520	kd38	254	255	59	69
P00523_60	P00523	520	533	cre38	14	7wf5	254	533	14	267	520	kd38	254	255	59	69
P00523_60	P00523	520	533	cre38	14	2hwo	255	533	14	267	520	kd38	254	255	59	69
P00523_60	P00523	520	533	cre38	14	3dqw	255	533	14	267	520	kd38	254	255	59	69
P00523_60	P00523	520	533	cre38	14	3f6x	255	533	14	267	520	kd38	254	255	59	69
P00523_60	P00523	520	533	cre38	14	4fic	255	533	14	267	520	kd38	254	255	59	69
P00523_60	P00523	520	533	cre38	14	5swh	255	533	14	267	520	kd38	254	255	59	69
P00523_60	P00523	520	533	cre38	14	2hwp	256	533	14	267	520	kd38	254	255	59	69
P00523_60	P00523	520	533	cre38	14	2oiq	256	533	14	267	520	kd38	254	255	59	69
P00523_60	P00523	520	533	cre38	14	2qlq	256	533	14	267	520	kd38	254	255	59	69
P00523_60	P00523	520	533	cre38	14	3el8	256	533	14	267	520	kd38	254	255	59	69
P00523_60	P00523	520	533	cre38	14	3en5	256	533	14	267	520	kd38	254	255	59	69
P00523_60	P00523	520	533	cre38	14	3en7	256	533	14	267	520	kd38	254	255	59	69
P00523_60	P00523	520	533	cre38	14	3f3t	256	533	14	267	520	kd38	254	255	59	69
P00523_60	P00523	520	533	cre38	14	3f3v	256	533	14	267	520	kd38	254	255	59	69
P00523_60	P00523	520	533	cre38	14	3g6g	256	533	14	267	520	kd38	254	255	59	69
P00523_60	P00523	520	533	cre38	14	3oez	256	533	14	267	520	kd38	254	255	59	69
P00523_60	P00523	520	533	cre38	14	3qlg	256	533	14	267	520	kd38	254	255	59	69
P00523_60	P00523	520	533	cre38	14	3svv	256	533	14	267	520	kd38	254	255	59	69
P00523_60	P00523	520	533	cre38	14	3tz8	256	533	14	267	520	kd38	254	255	59	69
P00523_60	P00523	520	533	cre38	14	3uqf	256	533	14	267	520	kd38	254	255	59	69
P00523_60	P00523	520	533	cre38	14	3uqg	256	533	14	267	520	kd38	254	255	59	69
P00523_60	P00523	520	533	cre38	14	4dgg	256	533	14	267	520	kd38	254	255	59	69
P00523_60	P00523	520	533	cre38	14	4mcv	256	533	14	267	520	kd38	254	255	59	69
P00523_60	P00523	520	533	cre38	14	4o2p	256	533	14	267	520	kd38	254	255	59	69
P00523_60	P00523	520	533	cre38	14	4ybk	256	533	14	267	520	kd38	254	255	59	69
P00523_60	P00523	520	533	cre38	14	5j5s	256	533	14	267	520	kd38	254	255	59	69
P00523_60	P00523	520	533	cre38	14	5teh	256	533	14	267	520	kd38	254	255	59	69
P00523_60	P00523	520	533	cre38	14	5xp7	256	533	14	267	520	kd38	254	255	59	69
P00523_60	P00523	520	533	cre38	14	6hve	256	533	14	267	520	kd38	254	255	59	69
P00523_60	P00523	520	533	cre38	14	7ah3	256	533	14	267	520	kd38	254	255	59	69
P00523_60	P00523	520	533	cre38	14	2qi8	257	533	14	267	520	kd38	254	255	59	69
P00523_60	P00523	520	533	cre38	14	2qq7	257	533	14	267	520	kd38	254	255	59	69
P00523_60	P00523	520	533	cre38	14	3el7	257	533	14	267	520	kd38	254	255	59	69
P00523_60	P00523	520	533	cre38	14	3en4	257	533	14	267	520	kd38	254	255	59	69
P00523_60	P00523	520	533	cre38	14	3en6	257	533	14	267	520	kd38	254	255	59	69
P00523_60	P00523	520	533	cre38	14	3f3u	257	533	14	267	520	kd38	254	255	59	69
P00523_60	P00523	520	533	cre38	14	3f3w	257	533	14	267	520	kd38	254	255	59	69
P00523_60	P00523	520	533	cre38	14	3g5d	257	533	14	267	520	kd38	254	255	59	69
P00523_60	P00523	520	533	cre38	14	3lok	257	533	14	267	520	kd38	254	255	59	69
P00523_60	P00523	520	533	cre38	14	3of0	257	533	14	267	520	kd38	254	255	59	69
P00523_60	P00523	520	533	cre38	14	3tz7	257	533	14	267	520	kd38	254	255	59	69
P00523_60	P00523	520	533	cre38	14	3tz9	257	533	14	267	520	kd38	254	255	59	69
P00523_60	P00523	520	533	cre38	14	4agw	257	533	14	267	520	kd38	254	255	59	69
P00523_60	P00523	520	533	cre38	14	4lgh	257	533	14	267	520	kd38	254	255	59	69
P00523_60	P00523	520	533	cre38	14	5d10	257	533	14	267	520	kd38	254	255	59	69
P00523_60	P00523	520	533	cre38	14	5d11	257	533	14	267	520	kd38	254	255	59	69
P00523_60	P00523	520	533	cre38	14	5d12	257	533	14	267	520	kd38	254	255	59	69
P00523_60	P00523	520	533	cre38	14	5t0p	257	533	14	267	520	kd38	254	255	59	69
P00523_60	P00523	520	533	cre38	14	6hvf	257	533	14	267	520	kd38	254	255	59	69
P00523_60	P00523	520	533	cre38	14	7d57	257	533	14	267	520	kd38	254	255	59	69
P00523_60	P00523	520	533	cre38	14	7d5o	257	533	14	267	520	kd38	254	255	59	69
P00523_60	P00523	520	533	cre38	14	3d7t	258	533	14	267	520	kd38	254	255	59	69
P00523_60	P00523	520	533	cre38	14	3g6h	258	533	14	267	520	kd38	254	255	59	69
P00523_60	P00523	520	533	cre38	14	3qlf	258	533	14	267	520	kd38	254	255	59	69
P00523_60	P00523	520	533	cre38	14	5sys	258	533	14	267	520	kd38	254	255	59	69
P00523_60	P00523	520	533	cre38	14	3dqx	259	533	14	267	520	kd38	254	255	59	69
P00523_60	P00523	520	533	cre38	14	3u4w	259	533	14	267	520	kd38	254	255	59	69
P00523_60	P00523	520	533	cre38	14	4u5j	259	533	14	267	520	kd38	254	255	59	69
P00523_60	P00523	520	533	cre38	14	4ybj	259	533	14	267	520	kd38	254	255	59	69
P00523_60	P00523	520	533	cre38	14	5bmm	259	533	14	267	520	kd38	254	255	59	69
P00523_60	P00523	520	533	cre38	14	5k9i	259	533	14	267	520	kd38	254	255	59	69
P00523_60	P00523	520	533	cre38	14	5xp5	259	533	14	267	520	kd38	254	255	59	69
P00523_60	P00523	520	533	cre38	14	6wiw	259	533	14	267	520	kd38	254	255	59	69
P00523_60	P00523	520	533	cre38	14	3d7u	260	523	4	267	520	kd38	254	255	59	69
P00523_60	P00523	520	533	cre38	14	3u51	261	533	14	267	520	kd38	254	255	59	69
P00523_60	P00523	520	533	cre38	14	6l8l	261	533	14	267	520	kd38	254	255	59	69
P00523_60	P00523	520	533	cre38	14	4lgg	264	533	14	267	520	kd38	254	255	59	69
P00533_60	P00533	965	998	cre39	34	3gop	676	1018	35	712	979	kd39	268	269	48	215
P00533_60	P00533	965	998	cre39	34	4riw	688	984	20	712	979	kd39	268	269	48	215
P00533_60	P00533	965	998	cre39	34	4rix	688	984	20	712	979	kd39	268	269	48	215
P00533_60	P00533	965	998	cre39	34	4riy	688	984	20	712	979	kd39	268	269	48	215
P00533_60	P00533	965	998	cre39	34	4wd5	694	1021	35	712	979	kd39	268	269	48	215
P00533_60	P00533	965	998	cre39	34	4lrm	694	999	35	712	979	kd39	268	269	48	215
P00533_60	P00533	965	998	cre39	34	4i23	695	1018	35	712	979	kd39	268	269	48	215
P00533_60	P00533	965	998	cre39	34	5ugb	695	1018	35	712	979	kd39	268	269	48	215
P00533_60	P00533	965	998	cre39	34	7aem	695	1018	35	712	979	kd39	268	269	48	215
P00533_60	P00533	965	998	cre39	34	2jiu	695	1016	35	712	979	kd39	268	269	48	215
P00533_60	P00533	965	998	cre39	34	1m14	696	1020	35	712	979	kd39	268	269	48	215
P00533_60	P00533	965	998	cre39	34	2j5e	696	1020	35	712	979	kd39	268	269	48	215
P00533_60	P00533	965	998	cre39	34	2j5f	696	1020	35	712	979	kd39	268	269	48	215
P00533_60	P00533	965	998	cre39	34	3ika	696	1020	35	712	979	kd39	268	269	48	215
P00533_60	P00533	965	998	cre39	34	4li5	696	1020	35	712	979	kd39	268	269	48	215
P00533_60	P00533	965	998	cre39	34	4wkq	696	1020	35	712	979	kd39	268	269	48	215
P00533_60	P00533	965	998	cre39	34	5j9z	696	1020	35	712	979	kd39	268	269	48	215
P00533_60	P00533	965	998	cre39	34	5x2k	696	1020	35	712	979	kd39	268	269	48	215
P00533_60	P00533	965	998	cre39	34	6jwl	696	1020	35	712	979	kd39	268	269	48	215
P00533_60	P00533	965	998	cre39	34	1m17	696	1019	35	712	979	kd39	268	269	48	215
P00533_60	P00533	965	998	cre39	34	2eb2	696	1019	35	712	979	kd39	268	269	48	215
P00533_60	P00533	965	998	cre39	34	2gs6	696	1019	35	712	979	kd39	268	269	48	215
P00533_60	P00533	965	998	cre39	34	2itn	696	1019	35	712	979	kd39	268	269	48	215
P00533_60	P00533	965	998	cre39	34	2ito	696	1019	35	712	979	kd39	268	269	48	215
P00533_60	P00533	965	998	cre39	34	2itu	696	1019	35	712	979	kd39	268	269	48	215
P00533_60	P00533	965	998	cre39	34	2itv	696	1019	35	712	979	kd39	268	269	48	215
P00533_60	P00533	965	998	cre39	34	4jq7	696	1019	35	712	979	kd39	268	269	48	215
P00533_60	P00533	965	998	cre39	34	4jq8	696	1019	35	712	979	kd39	268	269	48	215
P00533_60	P00533	965	998	cre39	34	4jr3	696	1019	35	712	979	kd39	268	269	48	215
P00533_60	P00533	965	998	cre39	34	4jrv	696	1019	35	712	979	kd39	268	269	48	215
P00533_60	P00533	965	998	cre39	34	4wrg	696	1019	35	712	979	kd39	268	269	48	215
P00533_60	P00533	965	998	cre39	34	5c8n	696	1019	35	712	979	kd39	268	269	48	215
P00533_60	P00533	965	998	cre39	34	5can	696	1019	35	712	979	kd39	268	269	48	215
P00533_60	P00533	965	998	cre39	34	5cas	696	1019	35	712	979	kd39	268	269	48	215
P00533_60	P00533	965	998	cre39	34	5em7	696	1019	35	712	979	kd39	268	269	48	215
P00533_60	P00533	965	998	cre39	34	5gmp	696	1019	35	712	979	kd39	268	269	48	215
P00533_60	P00533	965	998	cre39	34	5hcy	696	1019	35	712	979	kd39	268	269	48	215
P00533_60	P00533	965	998	cre39	34	5hcz	696	1019	35	712	979	kd39	268	269	48	215
P00533_60	P00533	965	998	cre39	34	5xgm	696	1019	35	712	979	kd39	268	269	48	215
P00533_60	P00533	965	998	cre39	34	6d8e	696	1019	35	712	979	kd39	268	269	48	215
P00533_60	P00533	965	998	cre39	34	6jz0	696	1019	35	712	979	kd39	268	269	48	215
P00533_60	P00533	965	998	cre39	34	6s9c	696	1019	35	712	979	kd39	268	269	48	215
P00533_60	P00533	965	998	cre39	34	6vh4	696	1019	35	712	979	kd39	268	269	48	215
P00533_60	P00533	965	998	cre39	34	6vhn	696	1019	35	712	979	kd39	268	269	48	215
P00533_60	P00533	965	998	cre39	34	6vhp	696	1019	35	712	979	kd39	268	269	48	215
P00533_60	P00533	965	998	cre39	34	7oxb	696	1019	35	712	979	kd39	268	269	48	215
P00533_60	P00533	965	998	cre39	34	2eb3	696	1018	35	712	979	kd39	268	269	48	215
P00533_60	P00533	965	998	cre39	34	2gs2	696	1018	35	712	979	kd39	268	269	48	215
P00533_60	P00533	965	998	cre39	34	2itw	696	1018	35	712	979	kd39	268	269	48	215
P00533_60	P00533	965	998	cre39	34	2jit	696	1018	35	712	979	kd39	268	269	48	215
P00533_60	P00533	965	998	cre39	34	3vjo	696	1018	35	712	979	kd39	268	269	48	215
P00533_60	P00533	965	998	cre39	34	4g5p	696	1018	35	712	979	kd39	268	269	48	215
P00533_60	P00533	965	998	cre39	34	4r3p	696	1018	35	712	979	kd39	268	269	48	215
P00533_60	P00533	965	998	cre39	34	4r3r	696	1018	35	712	979	kd39	268	269	48	215
P00533_60	P00533	965	998	cre39	34	5cau	696	1018	35	712	979	kd39	268	269	48	215
P00533_60	P00533	965	998	cre39	34	5czh	696	1018	35	712	979	kd39	268	269	48	215
P00533_60	P00533	965	998	cre39	34	5czi	696	1018	35	712	979	kd39	268	269	48	215
P00533_60	P00533	965	998	cre39	34	5em8	696	1018	35	712	979	kd39	268	269	48	215
P00533_60	P00533	965	998	cre39	34	5hcx	696	1018	35	712	979	kd39	268	269	48	215
P00533_60	P00533	965	998	cre39	34	5hib	696	1018	35	712	979	kd39	268	269	48	215
P00533_60	P00533	965	998	cre39	34	5xdk	696	1018	35	712	979	kd39	268	269	48	215
P00533_60	P00533	965	998	cre39	34	5xdl	696	1018	35	712	979	kd39	268	269	48	215
P00533_60	P00533	965	998	cre39	34	6jrj	696	1018	35	712	979	kd39	268	269	48	215
P00533_60	P00533	965	998	cre39	34	6jrk	696	1018	35	712	979	kd39	268	269	48	215
P00533_60	P00533	965	998	cre39	34	6jx4	696	1018	35	712	979	kd39	268	269	48	215
P00533_60	P00533	965	998	cre39	34	6lub	696	1018	35	712	979	kd39	268	269	48	215
P00533_60	P00533	965	998	cre39	34	6lud	696	1018	35	712	979	kd39	268	269	48	215
P00533_60	P00533	965	998	cre39	34	7vra	696	1018	35	712	979	kd39	268	269	48	215
P00533_60	P00533	965	998	cre39	34	7vre	696	1018	35	712	979	kd39	268	269	48	215
P00533_60	P00533	965	998	cre39	34	6jrx	696	1017	35	712	979	kd39	268	269	48	215
P00533_60	P00533	965	998	cre39	34	6s9d	696	1017	35	712	979	kd39	268	269	48	215
P00533_60	P00533	965	998	cre39	34	7kxz	696	1017	35	712	979	kd39	268	269	48	215
P00533_60	P00533	965	998	cre39	34	4g5j	696	1016	35	712	979	kd39	268	269	48	215
P00533_60	P00533	965	998	cre39	34	5yu9	697	1021	35	712	979	kd39	268	269	48	215
P00533_60	P00533	965	998	cre39	34	2itz	697	1020	35	712	979	kd39	268	269	48	215
P00533_60	P00533	965	998	cre39	34	2j6m	697	1020	35	712	979	kd39	268	269	48	215
P00533_60	P00533	965	998	cre39	34	5cav	697	1020	35	712	979	kd39	268	269	48	215
P00533_60	P00533	965	998	cre39	34	5gtz	697	1020	35	712	979	kd39	268	269	48	215
P00533_60	P00533	965	998	cre39	34	5x26	697	1020	35	712	979	kd39	268	269	48	215
P00533_60	P00533	965	998	cre39	34	5x27	697	1020	35	712	979	kd39	268	269	48	215
P00533_60	P00533	965	998	cre39	34	5x28	697	1020	35	712	979	kd39	268	269	48	215
P00533_60	P00533	965	998	cre39	34	5xgn	697	1020	35	712	979	kd39	268	269	48	215
P00533_60	P00533	965	998	cre39	34	5y9t	697	1020	35	712	979	kd39	268	269	48	215
P00533_60	P00533	965	998	cre39	34	7b85	697	1020	35	712	979	kd39	268	269	48	215
P00533_60	P00533	965	998	cre39	34	2itt	697	1019	35	712	979	kd39	268	269	48	215
P00533_60	P00533	965	998	cre39	34	2itx	697	1019	35	712	979	kd39	268	269	48	215
P00533_60	P00533	965	998	cre39	34	2ity	697	1019	35	712	979	kd39	268	269	48	215
P00533_60	P00533	965	998	cre39	34	4lqm	697	1019	35	712	979	kd39	268	269	48	215
P00533_60	P00533	965	998	cre39	34	4rj5	697	1019	35	712	979	kd39	268	269	48	215
P00533_60	P00533	965	998	cre39	34	4tks	697	1019	35	712	979	kd39	268	269	48	215
P00533_60	P00533	965	998	cre39	34	5c8m	697	1019	35	712	979	kd39	268	269	48	215
P00533_60	P00533	965	998	cre39	34	5cao	697	1019	35	712	979	kd39	268	269	48	215
P00533_60	P00533	965	998	cre39	34	5cap	697	1019	35	712	979	kd39	268	269	48	215
P00533_60	P00533	965	998	cre39	34	5em5	697	1019	35	712	979	kd39	268	269	48	215
P00533_60	P00533	965	998	cre39	34	5em6	697	1019	35	712	979	kd39	268	269	48	215
P00533_60	P00533	965	998	cre39	34	5hic	697	1019	35	712	979	kd39	268	269	48	215
P00533_60	P00533	965	998	cre39	34	5j9y	697	1019	35	712	979	kd39	268	269	48	215
P00533_60	P00533	965	998	cre39	34	6s9b	697	1019	35	712	979	kd39	268	269	48	215
P00533_60	P00533	965	998	cre39	34	2itp	697	1018	35	712	979	kd39	268	269	48	215
P00533_60	P00533	965	998	cre39	34	2itq	697	1018	35	712	979	kd39	268	269	48	215
P00533_60	P00533	965	998	cre39	34	3ug1	697	1018	35	712	979	kd39	268	269	48	215
P00533_60	P00533	965	998	cre39	34	3ug2	697	1018	35	712	979	kd39	268	269	48	215
P00533_60	P00533	965	998	cre39	34	3vjn	697	1018	35	712	979	kd39	268	269	48	215
P00533_60	P00533	965	998	cre39	34	4r5s	697	1018	35	712	979	kd39	268	269	48	215
P00533_60	P00533	965	998	cre39	34	4rj4	697	1018	35	712	979	kd39	268	269	48	215
P00533_60	P00533	965	998	cre39	34	4rj6	697	1018	35	712	979	kd39	268	269	48	215
P00533_60	P00533	965	998	cre39	34	4rj7	697	1018	35	712	979	kd39	268	269	48	215
P00533_60	P00533	965	998	cre39	34	4rj8	697	1018	35	712	979	kd39	268	269	48	215
P00533_60	P00533	965	998	cre39	34	5c8k	697	1018	35	712	979	kd39	268	269	48	215
P00533_60	P00533	965	998	cre39	34	5cal	697	1018	35	712	979	kd39	268	269	48	215
P00533_60	P00533	965	998	cre39	34	5caq	697	1018	35	712	979	kd39	268	269	48	215
P00533_60	P00533	965	998	cre39	34	5edp	697	1018	35	712	979	kd39	268	269	48	215
P00533_60	P00533	965	998	cre39	34	5edq	697	1018	35	712	979	kd39	268	269	48	215
P00533_60	P00533	965	998	cre39	34	5edr	697	1018	35	712	979	kd39	268	269	48	215
P00533_60	P00533	965	998	cre39	34	5fee	697	1018	35	712	979	kd39	268	269	48	215
P00533_60	P00533	965	998	cre39	34	6s8a	697	1018	35	712	979	kd39	268	269	48	215
P00533_60	P00533	965	998	cre39	34	7aei	697	1018	35	712	979	kd39	268	269	48	215
P00533_60	P00533	965	998	cre39	34	7er2	697	1018	35	712	979	kd39	268	269	48	215
P00533_60	P00533	965	998	cre39	34	4ll0	697	1017	35	712	979	kd39	268	269	48	215
P00533_60	P00533	965	998	cre39	34	5fed	697	1017	35	712	979	kd39	268	269	48	215
P00533_60	P00533	965	998	cre39	34	5feq	697	1017	35	712	979	kd39	268	269	48	215
P00533_60	P00533	965	998	cre39	34	5zto	697	1017	35	712	979	kd39	268	269	48	215
P00533_60	P00533	965	998	cre39	34	6s89	697	1017	35	712	979	kd39	268	269	48	215
P00533_60	P00533	965	998	cre39	34	5x2f	697	1014	35	712	979	kd39	268	269	48	215
P00533_60	P00533	965	998	cre39	34	5gnk	697	985	21	712	979	kd39	268	269	48	215
P00533_60	P00533	965	998	cre39	34	6jxt	697	984	20	712	979	kd39	268	269	48	215
P00533_60	P00533	965	998	cre39	34	4zse	698	1022	35	712	979	kd39	268	269	48	215
P00533_60	P00533	965	998	cre39	34	5cno	698	1022	35	712	979	kd39	268	269	48	215
P00533_60	P00533	965	998	cre39	34	6p8q	698	1019	35	712	979	kd39	268	269	48	215
P00533_60	P00533	965	998	cre39	34	3w2p	698	1018	35	712	979	kd39	268	269	48	215
P00533_60	P00533	965	998	cre39	34	3w2o	698	1017	35	712	979	kd39	268	269	48	215
P00533_60	P00533	965	998	cre39	34	3w2q	698	1017	35	712	979	kd39	268	269	48	215
P00533_60	P00533	965	998	cre39	34	3w2r	698	1017	35	712	979	kd39	268	269	48	215
P00533_60	P00533	965	998	cre39	34	4zau	698	1017	35	712	979	kd39	268	269	48	215
P00533_60	P00533	965	998	cre39	34	5y25	698	1017	35	712	979	kd39	268	269	48	215
P00533_60	P00533	965	998	cre39	34	5d41	698	1014	35	712	979	kd39	268	269	48	215
P00533_60	P00533	965	998	cre39	34	6duk	698	1009	35	712	979	kd39	268	269	48	215
P00533_60	P00533	965	998	cre39	34	7tvd	698	1009	35	712	979	kd39	268	269	48	215
P00533_60	P00533	965	998	cre39	34	6tfv	698	985	21	712	979	kd39	268	269	48	215
P00533_60	P00533	965	998	cre39	34	6tg0	698	985	21	712	979	kd39	268	269	48	215
P00533_60	P00533	965	998	cre39	34	6tg1	698	984	20	712	979	kd39	268	269	48	215
P00533_60	P00533	965	998	cre39	34	6wxn	699	1021	35	712	979	kd39	268	269	48	215
P00533_60	P00533	965	998	cre39	34	5gty	699	1016	35	712	979	kd39	268	269	48	215
P00533_60	P00533	965	998	cre39	34	3gt8	699	1014	35	712	979	kd39	268	269	48	215
P00533_60	P00533	965	998	cre39	34	5cnn	699	1014	35	712	979	kd39	268	269	48	215
P00533_60	P00533	965	998	cre39	34	6wa2	699	1014	35	712	979	kd39	268	269	48	215
P00533_60	P00533	965	998	cre39	34	5jeb	699	999	35	712	979	kd39	268	269	48	215
P00533_60	P00533	965	998	cre39	34	2rf9	699	985	21	712	979	kd39	268	269	48	215
P00533_60	P00533	965	998	cre39	34	2jiv	699	984	20	712	979	kd39	268	269	48	215
P00533_60	P00533	965	998	cre39	34	6tfy	699	984	20	712	979	kd39	268	269	48	215
P00533_60	P00533	965	998	cre39	34	6z4b	699	984	20	712	979	kd39	268	269	48	215
P00533_60	P00533	965	998	cre39	34	7a2a	699	984	20	712	979	kd39	268	269	48	215
P00533_60	P00533	965	998	cre39	34	7a6j	699	984	20	712	979	kd39	268	269	48	215
P00533_60	P00533	965	998	cre39	34	5x2a	700	1022	35	712	979	kd39	268	269	48	215
P00533_60	P00533	965	998	cre39	34	6p1d	700	1021	35	712	979	kd39	268	269	48	215
P00533_60	P00533	965	998	cre39	34	5x2c	700	1015	35	712	979	kd39	268	269	48	215
P00533_60	P00533	965	998	cre39	34	4i22	700	1014	35	712	979	kd39	268	269	48	215
P00533_60	P00533	965	998	cre39	34	4i24	700	1014	35	712	979	kd39	268	269	48	215
P00533_60	P00533	965	998	cre39	34	6v5n	700	1014	35	712	979	kd39	268	269	48	215
P00533_60	P00533	965	998	cre39	34	6v6k	700	1014	35	712	979	kd39	268	269	48	215
P00533_60	P00533	965	998	cre39	34	6v6o	700	1014	35	712	979	kd39	268	269	48	215
P00533_60	P00533	965	998	cre39	34	6xl4	700	1013	35	712	979	kd39	268	269	48	215
P00533_60	P00533	965	998	cre39	34	7jxl	700	1013	35	712	979	kd39	268	269	48	215
P00533_60	P00533	965	998	cre39	34	7jxm	700	1012	35	712	979	kd39	268	269	48	215
P00533_60	P00533	965	998	cre39	34	7jxi	700	1007	35	712	979	kd39	268	269	48	215
P00533_60	P00533	965	998	cre39	34	7jxk	700	1007	35	712	979	kd39	268	269	48	215
P00533_60	P00533	965	998	cre39	34	7jxp	700	1007	35	712	979	kd39	268	269	48	215
P00533_60	P00533	965	998	cre39	34	7jxq	700	1007	35	712	979	kd39	268	269	48	215
P00533_60	P00533	965	998	cre39	34	7jxw	700	1007	35	712	979	kd39	268	269	48	215
P00533_60	P00533	965	998	cre39	34	7k1i	700	1007	35	712	979	kd39	268	269	48	215
P00533_60	P00533	965	998	cre39	34	7ky0	700	1007	35	712	979	kd39	268	269	48	215
P00533_60	P00533	965	998	cre39	34	7ltx	700	1007	35	712	979	kd39	268	269	48	215
P00533_60	P00533	965	998	cre39	34	5hg5	700	1001	35	712	979	kd39	268	269	48	215
P00533_60	P00533	965	998	cre39	34	5hg8	700	999	35	712	979	kd39	268	269	48	215
P00533_60	P00533	965	998	cre39	34	6tfu	700	984	20	712	979	kd39	268	269	48	215
P00533_60	P00533	965	998	cre39	34	6tfw	700	984	20	712	979	kd39	268	269	48	215
P00533_60	P00533	965	998	cre39	34	6tfz	700	984	20	712	979	kd39	268	269	48	215
P00533_60	P00533	965	998	cre39	34	6z4d	700	984	20	712	979	kd39	268	269	48	215
P00533_60	P00533	965	998	cre39	34	7a6k	700	984	20	712	979	kd39	268	269	48	215
P00533_60	P00533	965	998	cre39	34	6wak	701	1020	35	712	979	kd39	268	269	48	215
P00533_60	P00533	965	998	cre39	34	3w2s	701	1019	35	712	979	kd39	268	269	48	215
P00533_60	P00533	965	998	cre39	34	3w33	701	1018	35	712	979	kd39	268	269	48	215
P00533_60	P00533	965	998	cre39	34	3poz	701	1017	35	712	979	kd39	268	269	48	215
P00533_60	P00533	965	998	cre39	34	3w32	701	1017	35	712	979	kd39	268	269	48	215
P00533_60	P00533	965	998	cre39	34	2gs7	701	1016	35	712	979	kd39	268	269	48	215
P00533_60	P00533	965	998	cre39	34	6p1l	701	1015	35	712	979	kd39	268	269	48	215
P00533_60	P00533	965	998	cre39	34	6v5p	701	1014	35	712	979	kd39	268	269	48	215
P00533_60	P00533	965	998	cre39	34	6v66	701	1014	35	712	979	kd39	268	269	48	215
P00533_60	P00533	965	998	cre39	34	7k1h	701	1008	35	712	979	kd39	268	269	48	215
P00533_60	P00533	965	998	cre39	34	6jx0	701	989	25	712	979	kd39	268	269	48	215
P00533_60	P00533	965	998	cre39	34	4i1z	701	987	23	712	979	kd39	268	269	48	215
P00533_60	P00533	965	998	cre39	34	4i20	701	987	23	712	979	kd39	268	269	48	215
P00533_60	P00533	965	998	cre39	34	7lgs	701	984	20	712	979	kd39	268	269	48	215
P00533_60	P00533	965	998	cre39	34	1xkk	702	1018	35	712	979	kd39	268	269	48	215
P00533_60	P00533	965	998	cre39	34	2rfe	702	1018	35	712	979	kd39	268	269	48	215
P00533_60	P00533	965	998	cre39	34	2rgp	702	1016	35	712	979	kd39	268	269	48	215
P00533_60	P00533	965	998	cre39	34	3bel	702	1015	35	712	979	kd39	268	269	48	215
P00533_60	P00533	965	998	cre39	34	8d76	702	1014	35	712	979	kd39	268	269	48	215
P00533_60	P00533	965	998	cre39	34	7lg8	702	1006	35	712	979	kd39	268	269	48	215
P00533_60	P00533	965	998	cre39	34	5u8l	702	990	26	712	979	kd39	268	269	48	215
P00533_60	P00533	965	998	cre39	34	5hg9	702	985	21	712	979	kd39	268	269	48	215
P00533_60	P00533	965	998	cre39	34	5ug8	702	985	21	712	979	kd39	268	269	48	215
P00533_60	P00533	965	998	cre39	34	5ug9	702	985	21	712	979	kd39	268	269	48	215
P00533_60	P00533	965	998	cre39	34	5ugc	702	985	21	712	979	kd39	268	269	48	215
P00533_60	P00533	965	998	cre39	34	5zwj	702	985	21	712	979	kd39	268	269	48	215
P00533_60	P00533	965	998	cre39	34	5hg7	702	984	20	712	979	kd39	268	269	48	215
P00533_60	P00533	965	998	cre39	34	5uwd	702	984	20	712	979	kd39	268	269	48	215
P00533_60	P00533	965	998	cre39	34	4i21	703	1020	35	712	979	kd39	268	269	48	215
P00533_60	P00533	965	998	cre39	34	2rfd	703	1018	35	712	979	kd39	268	269	48	215
P00533_60	P00533	965	998	cre39	34	8d73	703	1012	35	712	979	kd39	268	269	48	215
P00533_60	P00533	965	998	cre39	34	4zjv	703	985	21	712	979	kd39	268	269	48	215
P00533_60	P00533	965	998	cre39	34	5uga	703	985	21	712	979	kd39	268	269	48	215
P00533_60	P00533	965	998	cre39	34	4hjo	703	984	20	712	979	kd39	268	269	48	215
P00533_60	P00533	965	998	cre39	34	7a6i	703	984	20	712	979	kd39	268	269	48	215
P00533_60	P00533	965	998	cre39	34	3lzb	703	983	19	712	979	kd39	268	269	48	215
P04049_60	P04049	334	345	cre40	12	3omv	340	615	6	349	609	kd40	261	262	72	1
P07333_60	P07333	542	574	cre46	33	2ogv	543	918	32	582	910	kd46	329	330	35	19
P07333_60	P07333	542	574	cre46	33	2i0v	544	916	31	582	910	kd46	329	330	35	19
P07333_60	P07333	542	574	cre46	33	4r7h	544	915	31	582	910	kd46	329	330	35	19
P07333_60	P07333	542	574	cre46	33	3krj	544	914	31	582	910	kd46	329	330	35	19
P07333_60	P07333	542	574	cre46	33	3krl	545	912	30	582	910	kd46	329	330	35	19
P07333_60	P07333	542	574	cre46	33	2i1m	547	921	28	582	910	kd46	329	330	35	19
P07333_60	P07333	542	574	cre46	33	3bea	547	921	28	582	910	kd46	329	330	35	19
P07333_60	P07333	542	574	cre46	33	6t2w	547	916	28	582	910	kd46	329	330	35	19
P07333_60	P07333	542	574	cre46	33	2i0y	548	916	27	582	910	kd46	329	330	35	19
P07333_60	P07333	542	574	cre46	33	3dpk	548	912	27	582	910	kd46	329	330	35	19
P07333_60	P07333	542	574	cre46	33	7tnh	549	912	26	582	910	kd46	329	330	35	19
P07333_60	P07333	542	574	cre46	33	6ig8	550	916	25	582	910	kd46	329	330	35	19
P07333_60	P07333	542	574	cre46	33	3lco	551	915	24	582	910	kd46	329	330	35	19
P07333_60	P07333	542	574	cre46	33	3lcd	558	913	17	582	910	kd46	329	330	35	19
P07333_60	P07333	542	574	cre46	33	6wxj	559	917	16	582	910	kd46	329	330	35	19
P07333_60	P07333	542	574	cre46	33	6n33	566	915	9	582	910	kd46	329	330	35	19
P07333_60	P07333	542	574	cre46	33	4hw7	566	914	9	582	910	kd46	329	330	35	19
P07333_60	P07333	542	574	cre46	33	4r7i	567	914	8	582	910	kd46	329	330	35	19
P07333_60	P07333	542	574	cre46	33	7mfc	567	913	8	582	910	kd46	329	330	35	19
P10721_60	P10721	544	591	cre51	48	3g0e	544	931	48	589	937	kd51	349	343	41	22
P10721_60	P10721	544	591	cre51	48	1t45	547	935	45	589	937	kd51	349	347	41	22
P10721_60	P10721	544	591	cre51	48	7khg	547	931	45	589	937	kd51	349	343	41	22
P10721_60	P10721	544	591	cre51	48	4hvs	551	931	41	589	937	kd51	349	343	41	22
P10721_60	P10721	544	591	cre51	48	6kla	554	931	38	589	937	kd51	349	343	41	22
P10721_60	P10721	544	591	cre51	48	6itt	563	932	29	589	937	kd51	349	344	41	22
P10721_60	P10721	544	591	cre51	48	3g0f	564	930	28	589	937	kd51	349	342	41	22
P10721_60	P10721	544	591	cre51	48	1t46	565	933	27	589	937	kd51	349	345	41	22
P10721_60	P10721	544	591	cre51	48	4u0i	565	933	27	589	937	kd51	349	345	41	22
P10721_60	P10721	544	591	cre51	48	6hh1	565	929	27	589	937	kd51	349	341	41	22
P10721_60	P10721	544	591	cre51	48	6xv9	566	931	26	589	937	kd51	349	343	41	22
P10721_60	P10721	544	591	cre51	48	7khj	566	931	26	589	937	kd51	349	343	41	22
P10721_60	P10721	544	591	cre51	48	7khk	566	931	26	589	937	kd51	349	343	41	22
P10721_60	P10721	544	591	cre51	48	1pkg	566	929	26	589	937	kd51	349	341	41	22
P10721_60	P10721	544	591	cre51	48	6gqj	567	931	25	589	937	kd51	349	343	41	22
P10721_60	P10721	544	591	cre51	48	6gqk	567	931	25	589	937	kd51	349	343	41	22
P10721_60	P10721	544	591	cre51	48	6mob	567	930	25	589	937	kd51	349	342	41	22
P10721_60	P10721	544	591	cre51	48	6gql	568	931	24	589	937	kd51	349	343	41	22
P10721_60	P10721	544	591	cre51	48	6itv	569	935	23	589	937	kd51	349	347	41	22
P10721_60	P10721	544	591	cre51	48	6gqm	569	931	23	589	937	kd51	349	343	41	22
P10721_60	P10721	544	591	cre51	48	6xva	569	931	23	589	937	kd51	349	343	41	22
P10721_60	P10721	544	591	cre51	48	6xvb	569	931	23	589	937	kd51	349	343	41	22
P28482_60	P28482	173	196	cre66	24	7opm	1	360	25	25	313	kd66	289	290	115	123
P28482_60	P28482	173	196	cre66	24	3sa0	4	360	25	25	313	kd66	289	290	115	123
P28482_60	P28482	173	196	cre66	24	4n0s	6	357	25	25	313	kd66	289	290	115	123
P28482_60	P28482	173	196	cre66	24	4zxt	7	357	25	25	313	kd66	289	290	115	123
P28482_60	P28482	173	196	cre66	24	3i60	8	358	25	25	313	kd66	289	290	115	123
P28482_60	P28482	173	196	cre66	24	1tvo	8	357	25	25	313	kd66	289	290	115	123
P28482_60	P28482	173	196	cre66	24	1wzy	8	357	25	25	313	kd66	289	290	115	123
P28482_60	P28482	173	196	cre66	24	3i5z	8	357	25	25	313	kd66	289	290	115	123
P28482_60	P28482	173	196	cre66	24	4fv8	8	357	25	25	313	kd66	289	290	115	123
P28482_60	P28482	173	196	cre66	24	4fv9	8	357	25	25	313	kd66	289	290	115	123
P28482_60	P28482	173	196	cre66	24	6g91	8	357	25	25	313	kd66	289	290	115	123
P28482_60	P28482	173	196	cre66	24	6g92	8	357	25	25	313	kd66	289	290	115	123
P28482_60	P28482	173	196	cre66	24	6g9a	8	357	25	25	313	kd66	289	290	115	123
P28482_60	P28482	173	196	cre66	24	6g9d	8	357	25	25	313	kd66	289	290	115	123
P28482_60	P28482	173	196	cre66	24	6g9j	8	357	25	25	313	kd66	289	290	115	123
P28482_60	P28482	173	196	cre66	24	6gjb	8	357	25	25	313	kd66	289	290	115	123
P28482_60	P28482	173	196	cre66	24	6q7k	8	357	25	25	313	kd66	289	290	115	123
P28482_60	P28482	173	196	cre66	24	6qa3	8	357	25	25	313	kd66	289	290	115	123
P28482_60	P28482	173	196	cre66	24	6gdm	8	356	25	25	313	kd66	289	290	115	123
P28482_60	P28482	173	196	cre66	24	4h3q	9	360	25	25	313	kd66	289	290	115	123
P28482_60	P28482	173	196	cre66	24	4nif	9	360	25	25	313	kd66	289	290	115	123
P28482_60	P28482	173	196	cre66	24	2y9q	9	358	25	25	313	kd66	289	290	115	123
P28482_60	P28482	173	196	cre66	24	4fmq	9	358	25	25	313	kd66	289	290	115	123
P28482_60	P28482	173	196	cre66	24	5buj	9	358	25	25	313	kd66	289	290	115	123
P28482_60	P28482	173	196	cre66	24	5bvd	9	358	25	25	313	kd66	289	290	115	123
P28482_60	P28482	173	196	cre66	24	5bve	9	358	25	25	313	kd66	289	290	115	123
P28482_60	P28482	173	196	cre66	24	5bvf	9	358	25	25	313	kd66	289	290	115	123
P28482_60	P28482	173	196	cre66	24	5k4i	9	358	25	25	313	kd66	289	290	115	123
P28482_60	P28482	173	196	cre66	24	4fv4	9	357	25	25	313	kd66	289	290	115	123
P28482_60	P28482	173	196	cre66	24	4fv5	9	357	25	25	313	kd66	289	290	115	123
P28482_60	P28482	173	196	cre66	24	4fv6	9	357	25	25	313	kd66	289	290	115	123
P28482_60	P28482	173	196	cre66	24	5v62	10	360	25	25	313	kd66	289	290	115	123
P28482_60	P28482	173	196	cre66	24	5v61	10	359	25	25	313	kd66	289	290	115	123
P28482_60	P28482	173	196	cre66	24	3tei	10	358	25	25	313	kd66	289	290	115	123
P28482_60	P28482	173	196	cre66	24	4qta	10	358	25	25	313	kd66	289	290	115	123
P28482_60	P28482	173	196	cre66	24	5ax3	10	358	25	25	313	kd66	289	290	115	123
P28482_60	P28482	173	196	cre66	24	5v60	10	358	25	25	313	kd66	289	290	115	123
P28482_60	P28482	173	196	cre66	24	6opg	10	358	25	25	313	kd66	289	290	115	123
P28482_60	P28482	173	196	cre66	24	7e75	10	358	25	25	313	kd66	289	290	115	123
P28482_60	P28482	173	196	cre66	24	6gdq	10	357	25	25	313	kd66	289	290	115	123
P28482_60	P28482	173	196	cre66	24	6gjd	10	357	25	25	313	kd66	289	290	115	123
P28482_60	P28482	173	196	cre66	24	6g54	10	356	25	25	313	kd66	289	290	115	123
P28482_60	P28482	173	196	cre66	24	6nbs	10	356	25	25	313	kd66	289	290	115	123
P28482_60	P28482	173	196	cre66	24	6opi	10	356	25	25	313	kd66	289	290	115	123
P28482_60	P28482	173	196	cre66	24	4iz7	11	360	25	25	313	kd66	289	290	115	123
P28482_60	P28482	173	196	cre66	24	7w5o	11	360	25	25	313	kd66	289	290	115	123
P28482_60	P28482	173	196	cre66	24	4h3p	11	359	25	25	313	kd66	289	290	115	123
P28482_60	P28482	173	196	cre66	24	4fuy	11	358	25	25	313	kd66	289	290	115	123
P28482_60	P28482	173	196	cre66	24	4fv0	11	358	25	25	313	kd66	289	290	115	123
P28482_60	P28482	173	196	cre66	24	4fv7	11	358	25	25	313	kd66	289	290	115	123
P28482_60	P28482	173	196	cre66	24	4g6n	11	358	25	25	313	kd66	289	290	115	123
P28482_60	P28482	173	196	cre66	24	4iza	11	358	25	25	313	kd66	289	290	115	123
P28482_60	P28482	173	196	cre66	24	4qte	11	358	25	25	313	kd66	289	290	115	123
P28482_60	P28482	173	196	cre66	24	5bue	11	358	25	25	313	kd66	289	290	115	123
P28482_60	P28482	173	196	cre66	24	5bui	11	358	25	25	313	kd66	289	290	115	123
P28482_60	P28482	173	196	cre66	24	5nhh	11	358	25	25	313	kd66	289	290	115	123
P28482_60	P28482	173	196	cre66	24	6oph	11	358	25	25	313	kd66	289	290	115	123
P28482_60	P28482	173	196	cre66	24	6qa1	11	358	25	25	313	kd66	289	290	115	123
P28482_60	P28482	173	196	cre66	24	3w55	11	357	25	25	313	kd66	289	290	115	123
P28482_60	P28482	173	196	cre66	24	4fux	11	357	25	25	313	kd66	289	290	115	123
P28482_60	P28482	173	196	cre66	24	4fv2	11	357	25	25	313	kd66	289	290	115	123
P28482_60	P28482	173	196	cre66	24	4fv3	11	357	25	25	313	kd66	289	290	115	123
P28482_60	P28482	173	196	cre66	24	4g6o	11	357	25	25	313	kd66	289	290	115	123
P28482_60	P28482	173	196	cre66	24	4iz5	11	357	25	25	313	kd66	289	290	115	123
P28482_60	P28482	173	196	cre66	24	5lcj	11	357	25	25	313	kd66	289	290	115	123
P28482_60	P28482	173	196	cre66	24	5lck	11	357	25	25	313	kd66	289	290	115	123
P28482_60	P28482	173	196	cre66	24	6dmg	11	357	25	25	313	kd66	289	290	115	123
P28482_60	P28482	173	196	cre66	24	6g8x	11	357	25	25	313	kd66	289	290	115	123
P28482_60	P28482	173	196	cre66	24	6g93	11	357	25	25	313	kd66	289	290	115	123
P28482_60	P28482	173	196	cre66	24	6g97	11	357	25	25	313	kd66	289	290	115	123
P28482_60	P28482	173	196	cre66	24	6g9h	11	357	25	25	313	kd66	289	290	115	123
P28482_60	P28482	173	196	cre66	24	6g9k	11	357	25	25	313	kd66	289	290	115	123
P28482_60	P28482	173	196	cre66	24	6g9n	11	357	25	25	313	kd66	289	290	115	123
P28482_60	P28482	173	196	cre66	24	6ge0	11	357	25	25	313	kd66	289	290	115	123
P28482_60	P28482	173	196	cre66	24	6qa4	11	357	25	25	313	kd66	289	290	115	123
P28482_60	P28482	173	196	cre66	24	6qag	11	357	25	25	313	kd66	289	290	115	123
P28482_60	P28482	173	196	cre66	24	6qah	11	357	25	25	313	kd66	289	290	115	123
P28482_60	P28482	173	196	cre66	24	6qal	11	357	25	25	313	kd66	289	290	115	123
P28482_60	P28482	173	196	cre66	24	6qaq	11	357	25	25	313	kd66	289	290	115	123
P28482_60	P28482	173	196	cre66	24	6qaw	11	357	25	25	313	kd66	289	290	115	123
P28482_60	P28482	173	196	cre66	24	7auv	11	357	25	25	313	kd66	289	290	115	123
P28482_60	P28482	173	196	cre66	24	7e73	11	357	25	25	313	kd66	289	290	115	123
P28482_60	P28482	173	196	cre66	24	7nr5	11	357	25	25	313	kd66	289	290	115	123
P28482_60	P28482	173	196	cre66	24	4fv1	11	356	25	25	313	kd66	289	290	115	123
P28482_60	P28482	173	196	cre66	24	6g9m	11	356	25	25	313	kd66	289	290	115	123
P28482_60	P28482	173	196	cre66	24	6q7s	11	356	25	25	313	kd66	289	290	115	123
P28482_60	P28482	173	196	cre66	24	6q7t	11	356	25	25	313	kd66	289	290	115	123
P28482_60	P28482	173	196	cre66	24	7nqq	11	356	25	25	313	kd66	289	290	115	123
P28482_60	P28482	173	196	cre66	24	7nqw	11	356	25	25	313	kd66	289	290	115	123
P28482_60	P28482	173	196	cre66	24	7nr3	11	356	25	25	313	kd66	289	290	115	123
P28482_60	P28482	173	196	cre66	24	7nr8	11	356	25	25	313	kd66	289	290	115	123
P28482_60	P28482	173	196	cre66	24	4zzm	11	355	25	25	313	kd66	289	290	115	123
P28482_60	P28482	173	196	cre66	24	4zzn	11	355	25	25	313	kd66	289	290	115	123
P28482_60	P28482	173	196	cre66	24	4zzo	11	355	25	25	313	kd66	289	290	115	123
P28482_60	P28482	173	196	cre66	24	5ngu	11	355	25	25	313	kd66	289	290	115	123
P28482_60	P28482	173	196	cre66	24	5nhj	11	355	25	25	313	kd66	289	290	115	123
P28482_60	P28482	173	196	cre66	24	5nhl	11	355	25	25	313	kd66	289	290	115	123
P28482_60	P28482	173	196	cre66	24	5nho	11	355	25	25	313	kd66	289	290	115	123
P28482_60	P28482	173	196	cre66	24	5nhp	11	355	25	25	313	kd66	289	290	115	123
P28482_60	P28482	173	196	cre66	24	5nhv	11	355	25	25	313	kd66	289	290	115	123
P28482_60	P28482	173	196	cre66	24	7nr9	11	355	25	25	313	kd66	289	290	115	123
P28482_60	P28482	173	196	cre66	24	4qp1	12	360	25	25	313	kd66	289	290	115	123
P28482_60	P28482	173	196	cre66	24	4qp2	12	360	25	25	313	kd66	289	290	115	123
P28482_60	P28482	173	196	cre66	24	4qp3	12	360	25	25	313	kd66	289	290	115	123
P28482_60	P28482	173	196	cre66	24	4qp6	12	360	25	25	313	kd66	289	290	115	123
P28482_60	P28482	173	196	cre66	24	4qpa	12	360	25	25	313	kd66	289	290	115	123
P28482_60	P28482	173	196	cre66	24	4xj0	12	360	25	25	313	kd66	289	290	115	123
P28482_60	P28482	173	196	cre66	24	4qp4	12	357	25	25	313	kd66	289	290	115	123
P28482_60	P28482	173	196	cre66	24	4qp7	12	357	25	25	313	kd66	289	290	115	123
P28482_60	P28482	173	196	cre66	24	4qp8	12	357	25	25	313	kd66	289	290	115	123
P28482_60	P28482	173	196	cre66	24	5nhf	12	355	25	25	313	kd66	289	290	115	123
P28482_60	P28482	173	196	cre66	24	4o6e	13	357	25	25	313	kd66	289	290	115	123
P28482_60	P28482	173	196	cre66	24	4qp9	13	357	25	25	313	kd66	289	290	115	123
P28482_60	P28482	173	196	cre66	24	6d5y	13	357	25	25	313	kd66	289	290	115	123
P28482_60	P28482	173	196	cre66	24	2oji	15	358	25	25	313	kd66	289	290	115	123
P28482_60	P28482	173	196	cre66	24	2ojj	15	358	25	25	313	kd66	289	290	115	123
P28482_60	P28482	173	196	cre66	24	5wp1	15	357	25	25	313	kd66	289	290	115	123
P28482_60	P28482	173	196	cre66	24	1pme	16	360	25	25	313	kd66	289	290	115	123
P28482_60	P28482	173	196	cre66	24	6slg	18	356	25	25	313	kd66	289	290	115	123
P28482_60	P28482	173	196	cre66	24	2ojg	19	357	25	25	313	kd66	289	290	115	123
P28482_60	P28482	173	196	cre66	24	6rq4	19	357	25	25	313	kd66	289	290	115	123
P28482_60	P28482	173	196	cre66	24	3d42	185	188	3	25	313	kd66	289	3	115	123
P28482_60	P28482	173	196	cre66	24	3d44	185	188	3	25	313	kd66	289	3	115	123
P29323_60	P29323	588	621	cre71	34	3zfm	615	894	7	621	884	kd71	264	265	61	1
P31749_60	P31749	17	149	cre72	133	6hhh	2	439	134	150	408	kd72	259	260	70	28
P31749_60	P31749	17	149	cre72	133	3o96	2	429	134	150	408	kd72	259	260	70	28
P31749_60	P31749	17	149	cre72	133	6hhg	3	444	134	150	408	kd72	259	260	70	28
P31749_60	P31749	17	149	cre72	133	6hhi	3	444	134	150	408	kd72	259	260	70	28
P31749_60	P31749	17	149	cre72	133	6hhj	3	444	134	150	408	kd72	259	260	70	28
P31749_60	P31749	17	149	cre72	133	6s9w	3	444	134	150	408	kd72	259	260	70	28
P31749_60	P31749	17	149	cre72	133	7nh5	3	444	134	150	408	kd72	259	260	70	28
P31749_60	P31749	17	149	cre72	133	6s9x	3	443	134	150	408	kd72	259	260	70	28
P31749_60	P31749	17	149	cre72	133	6hhf	3	439	134	150	408	kd72	259	260	70	28
P31749_60	P31749	17	149	cre72	133	7apj	3	439	134	150	408	kd72	259	260	70	28
P31749_60	P31749	17	149	cre72	133	7nh4	4	444	134	150	408	kd72	259	260	70	28
P31749_60	P31749	17	149	cre72	133	4ejn	4	438	134	150	408	kd72	259	260	70	28
P31749_60	P31749	17	149	cre72	133	5kcv	6	438	134	150	408	kd72	259	260	70	28
P31749_60	P31749	17	149	cre72	133	6npz	141	478	9	150	408	kd72	259	260	70	28
P31749_60	P31749	17	149	cre72	133	3cqu	144	478	6	150	408	kd72	259	260	70	28
P31749_60	P31749	17	149	cre72	133	3cqw	144	478	6	150	408	kd72	259	260	70	28
P31749_60	P31749	17	149	cre72	133	3ocb	144	478	6	150	408	kd72	259	260	70	28
P31749_60	P31749	17	149	cre72	133	3ow4	144	478	6	150	408	kd72	259	260	70	28
P31749_60	P31749	17	149	cre72	133	3qkk	144	478	6	150	408	kd72	259	260	70	28
P31749_60	P31749	17	149	cre72	133	3qkl	144	478	6	150	408	kd72	259	260	70	28
P31749_60	P31749	17	149	cre72	133	3qkm	144	478	6	150	408	kd72	259	260	70	28
P31749_60	P31749	17	149	cre72	133	4ekl	144	478	6	150	408	kd72	259	260	70	28
P31749_60	P31749	17	149	cre72	133	6buu	144	478	6	150	408	kd72	259	260	70	28
P31749_60	P31749	17	149	cre72	133	3mv5	144	477	6	150	408	kd72	259	260	70	28
P31749_60	P31749	17	149	cre72	133	4ekk	144	477	6	150	408	kd72	259	260	70	28
P31749_60	P31749	17	149	cre72	133	4gv1	144	477	6	150	408	kd72	259	260	70	28
P31749_60	P31749	17	149	cre72	133	6ccy	144	450	6	150	408	kd72	259	260	70	28
P31749_60	P31749	17	149	cre72	133	3mvh	145	476	5	150	408	kd72	259	260	70	28
P31751_60	P31751	17	151	cre73	135	3d0e	146	480	6	152	409	kd73	258	259	73	16
P31751_60	P31751	17	151	cre73	135	3e87	146	480	6	152	409	kd73	258	259	73	16
P31751_60	P31751	17	151	cre73	135	3e88	146	480	6	152	409	kd73	258	259	73	16
P31751_60	P31751	17	151	cre73	135	3e8d	146	480	6	152	409	kd73	258	259	73	16
P31751_60	P31751	17	151	cre73	135	1o6k	146	479	6	152	409	kd73	258	259	73	16
P31751_60	P31751	17	151	cre73	135	2xh5	146	479	6	152	409	kd73	258	259	73	16
P31751_60	P31751	17	151	cre73	135	1o6l	146	477	6	152	409	kd73	258	259	73	16
P31751_60	P31751	17	151	cre73	135	2jdo	146	477	6	152	409	kd73	258	259	73	16
P31751_60	P31751	17	151	cre73	135	2jdr	146	477	6	152	409	kd73	258	259	73	16
P31751_60	P31751	17	151	cre73	135	2uw9	146	477	6	152	409	kd73	258	259	73	16
P31751_60	P31751	17	151	cre73	135	2x39	146	477	6	152	409	kd73	258	259	73	16
P31751_60	P31751	17	151	cre73	135	1gzn	146	442	6	152	409	kd73	258	259	73	16
P31751_60	P31751	17	151	cre73	135	1gzo	146	442	6	152	409	kd73	258	259	73	16
P31751_60	P31751	17	151	cre73	135	1gzk	146	441	6	152	409	kd73	258	259	73	16
P31751_60	P31751	17	151	cre73	135	1mry	146	440	6	152	409	kd73	258	259	73	16
P31751_60	P31751	17	151	cre73	135	1mrv	147	440	5	152	409	kd73	258	259	73	16
P35968_60	P35968	1163	1356	cre77	194	4agc	801	1169	7	834	1162	kd77	329	330	43	42
P35968_60	P35968	1163	1356	cre77	194	4agd	802	1169	7	834	1162	kd77	329	330	43	42
P35968_60	P35968	1163	1356	cre77	194	4ase	807	1169	7	834	1162	kd77	329	330	43	42
P35968_60	P35968	1163	1356	cre77	194	4asd	807	1168	6	834	1162	kd77	329	330	43	42
P35968_60	P35968	1163	1356	cre77	194	3vhe	811	1169	7	834	1162	kd77	329	330	43	42
P35968_60	P35968	1163	1356	cre77	194	6gqo	811	1168	6	834	1162	kd77	329	330	43	42
P35968_60	P35968	1163	1356	cre77	194	3vnt	812	1168	6	834	1162	kd77	329	330	43	42
P35968_60	P35968	1163	1356	cre77	194	3vo3	812	1168	6	834	1162	kd77	329	330	43	42
P35968_60	P35968	1163	1356	cre77	194	3vid	813	1168	6	834	1162	kd77	329	330	43	42
P35968_60	P35968	1163	1356	cre77	194	6gqq	813	1167	5	834	1162	kd77	329	330	43	42
P35968_60	P35968	1163	1356	cre77	194	6xvj	813	1167	5	834	1162	kd77	329	330	43	42
P35968_60	P35968	1163	1356	cre77	194	3vhk	814	1168	6	834	1162	kd77	329	330	43	42
P35968_60	P35968	1163	1356	cre77	194	2p2h	815	1172	10	834	1162	kd77	329	330	43	42
P35968_60	P35968	1163	1356	cre77	194	2rl5	815	1171	9	834	1162	kd77	329	330	43	42
P35968_60	P35968	1163	1356	cre77	194	3be2	815	1171	9	834	1162	kd77	329	330	43	42
P35968_60	P35968	1163	1356	cre77	194	3ewh	815	1171	9	834	1162	kd77	329	330	43	42
P35968_60	P35968	1163	1356	cre77	194	3u6j	815	1171	9	834	1162	kd77	329	330	43	42
P35968_60	P35968	1163	1356	cre77	194	3wze	815	1167	5	834	1162	kd77	329	330	43	42
P35968_60	P35968	1163	1356	cre77	194	2oh4	816	1171	9	834	1162	kd77	329	330	43	42
P35968_60	P35968	1163	1356	cre77	194	2qu5	816	1170	8	834	1162	kd77	329	330	43	42
P35968_60	P35968	1163	1356	cre77	194	2xir	816	1168	6	834	1162	kd77	329	330	43	42
P35968_60	P35968	1163	1356	cre77	194	3cjg	816	1168	6	834	1162	kd77	329	330	43	42
P35968_60	P35968	1163	1356	cre77	194	4ag8	816	1168	6	834	1162	kd77	329	330	43	42
P35968_60	P35968	1163	1356	cre77	194	2p2i	817	1172	10	834	1162	kd77	329	330	43	42
P35968_60	P35968	1163	1356	cre77	194	2qu6	817	1171	9	834	1162	kd77	329	330	43	42
P35968_60	P35968	1163	1356	cre77	194	3cp9	817	1171	9	834	1162	kd77	329	330	43	42
P35968_60	P35968	1163	1356	cre77	194	3efl	817	1171	9	834	1162	kd77	329	330	43	42
P35968_60	P35968	1163	1356	cre77	194	3cjf	817	1168	6	834	1162	kd77	329	330	43	42
P35968_60	P35968	1163	1356	cre77	194	3b8q	818	1171	9	834	1162	kd77	329	330	43	42
P35968_60	P35968	1163	1356	cre77	194	3b8r	818	1171	9	834	1162	kd77	329	330	43	42
P35968_60	P35968	1163	1356	cre77	194	3dtw	818	1171	9	834	1162	kd77	329	330	43	42
P35968_60	P35968	1163	1356	cre77	194	3c7q	819	1171	9	834	1162	kd77	329	330	43	42
P35968_60	P35968	1163	1356	cre77	194	3cpb	819	1171	9	834	1162	kd77	329	330	43	42
P35968_60	P35968	1163	1356	cre77	194	1y6b	819	1168	6	834	1162	kd77	329	330	43	42
P35968_60	P35968	1163	1356	cre77	194	1ywn	820	1171	9	834	1162	kd77	329	330	43	42
P35968_60	P35968	1163	1356	cre77	194	3cpc	820	1171	9	834	1162	kd77	329	330	43	42
P35968_60	P35968	1163	1356	cre77	194	1vr2	820	1168	6	834	1162	kd77	329	330	43	42
P35968_60	P35968	1163	1356	cre77	194	5ew3	820	1168	6	834	1162	kd77	329	330	43	42
P35968_60	P35968	1163	1356	cre77	194	1y6a	820	1167	5	834	1162	kd77	329	330	43	42
P35968_60	P35968	1163	1356	cre77	194	3wzd	820	1167	5	834	1162	kd77	329	330	43	42
P35968_60	P35968	1163	1356	cre77	194	6gqp	821	1168	6	834	1162	kd77	329	330	43	42
P35968_60	P35968	1163	1356	cre77	194	6xvk	821	1168	6	834	1162	kd77	329	330	43	42
P36507_60	P36507	75	102	cre78	28	1s9i	59	393	29	72	369	kd78	298	299	47	1
P36888_60	P36888	565	602	cre79	38	6il3	569	947	34	610	943	kd79	334	335	37	6
P36888_60	P36888	565	602	cre79	38	6jqr	571	951	32	610	943	kd79	334	335	37	6
P36888_60	P36888	565	602	cre79	38	1rjb	572	947	31	610	943	kd79	334	335	37	6
P36888_60	P36888	565	602	cre79	38	5x02	573	947	30	610	943	kd79	334	335	37	6
P36888_60	P36888	565	602	cre79	38	4rt7	599	950	4	610	943	kd79	334	335	37	6
P36888_60	P36888	565	602	cre79	38	4xuf	600	947	3	610	943	kd79	334	335	37	6
P43403_60	P43403	126	155	cre83	30	2ozo	2	606	31	338	600	kd83	263	264	73	3
P43403_60	P43403	256	337	cre84	82	2ozo	2	606	83	338	600	kd83	263	264	73	3
P43403_60	P43403	126	155	cre83	30	4k2r	2	606	31	338	600	kd83	263	264	73	3
P43403_60	P43403	256	337	cre84	82	4k2r	2	606	83	338	600	kd83	263	264	73	3
P43403_60	P43403	256	337	cre84	82	1u59	328	606	10	338	600	kd83	263	264	73	3
P45985_60	P45985	109	136	cre85	28	3vut	80	388	29	102	367	kd84	266	267	70	3
P45985_60	P45985	109	136	cre85	28	3aln	83	390	29	102	367	kd84	266	267	70	3
P45985_60	P45985	109	136	cre85	28	3alo	95	389	29	102	367	kd84	266	267	70	3
P49137_60	P49137	339	353	cre90	15	1nxk	41	357	16	64	325	kd89	262	263	74	26
P49137_60	P49137	339	353	cre90	15	3kc3	41	356	16	64	325	kd89	262	263	74	26
P49137_60	P49137	339	353	cre90	15	2pzy	42	359	16	64	325	kd89	262	263	74	26
P49137_60	P49137	339	353	cre90	15	1kwp	44	385	16	64	325	kd89	262	263	74	26
P49137_60	P49137	339	353	cre90	15	2jbp	44	350	12	64	325	kd89	262	263	74	26
P49137_60	P49137	339	353	cre90	15	2jbo	44	347	9	64	325	kd89	262	263	74	26
P49137_60	P49137	339	353	cre90	15	3fpm	44	345	7	64	325	kd89	262	263	74	26
P49137_60	P49137	339	353	cre90	15	7nry	45	366	16	64	325	kd89	262	263	74	26
P49137_60	P49137	339	353	cre90	15	2p3g	45	364	16	64	325	kd89	262	263	74	26
P49137_60	P49137	339	353	cre90	15	3fyj	45	364	16	64	325	kd89	262	263	74	26
P49137_60	P49137	339	353	cre90	15	3fyk	45	364	16	64	325	kd89	262	263	74	26
P49137_60	P49137	339	353	cre90	15	2onl	46	393	16	64	325	kd89	262	263	74	26
P49137_60	P49137	339	353	cre90	15	3gok	46	350	12	64	325	kd89	262	263	74	26
P49137_60	P49137	339	353	cre90	15	3wi6	46	347	9	64	325	kd89	262	263	74	26
P49137_60	P49137	339	353	cre90	15	1ny3	46	345	7	64	325	kd89	262	263	74	26
P49137_60	P49137	339	353	cre90	15	3r2y	46	345	7	64	325	kd89	262	263	74	26
P49137_60	P49137	339	353	cre90	15	3r30	46	345	7	64	325	kd89	262	263	74	26
P49137_60	P49137	339	353	cre90	15	3ka0	47	364	16	64	325	kd89	262	263	74	26
P49137_60	P49137	339	353	cre90	15	3kga	47	364	16	64	325	kd89	262	263	74	26
P49137_60	P49137	339	353	cre90	15	3m2w	47	364	16	64	325	kd89	262	263	74	26
P49137_60	P49137	339	353	cre90	15	3m42	47	364	16	64	325	kd89	262	263	74	26
P49137_60	P49137	339	353	cre90	15	3a2c	47	345	7	64	325	kd89	262	263	74	26
P49137_60	P49137	339	353	cre90	15	3r2b	47	345	7	64	325	kd89	262	263	74	26
P49137_60	P49137	339	353	cre90	15	4tyh	51	400	16	64	325	kd89	262	263	74	26
P49137_60	P49137	339	353	cre90	15	6tca	51	399	16	64	325	kd89	262	263	74	26
P49137_60	P49137	339	353	cre90	15	2oza	51	390	16	64	325	kd89	262	263	74	26
P49138_60	P49137	339	353	cre90	15	1nxk	41	357	16	64	325	kd89	262	263	74	26
P49138_60	P49137	339	353	cre90	15	3kc3	41	356	16	64	325	kd89	262	263	74	26
P49138_60	P49137	339	353	cre90	15	2pzy	42	359	16	64	325	kd89	262	263	74	26
P49138_60	P49137	339	353	cre90	15	1kwp	44	385	16	64	325	kd89	262	263	74	26
P49138_60	P49137	339	353	cre90	15	2jbp	44	350	12	64	325	kd89	262	263	74	26
P49138_60	P49137	339	353	cre90	15	2jbo	44	347	9	64	325	kd89	262	263	74	26
P49138_60	P49137	339	353	cre90	15	3fpm	44	345	7	64	325	kd89	262	263	74	26
P49138_60	P49137	339	353	cre90	15	7nry	45	366	16	64	325	kd89	262	263	74	26
P49138_60	P49137	339	353	cre90	15	2p3g	45	364	16	64	325	kd89	262	263	74	26
P49138_60	P49137	339	353	cre90	15	3fyj	45	364	16	64	325	kd89	262	263	74	26
P49138_60	P49137	339	353	cre90	15	3fyk	45	364	16	64	325	kd89	262	263	74	26
P49138_60	P49137	339	353	cre90	15	2onl	46	393	16	64	325	kd89	262	263	74	26
P49138_60	P49137	339	353	cre90	15	3gok	46	350	12	64	325	kd89	262	263	74	26
P49138_60	P49137	339	353	cre90	15	3wi6	46	347	9	64	325	kd89	262	263	74	26
P49138_60	P49137	339	353	cre90	15	1ny3	46	345	7	64	325	kd89	262	263	74	26
P49138_60	P49137	339	353	cre90	15	3r2y	46	345	7	64	325	kd89	262	263	74	26
P49138_60	P49137	339	353	cre90	15	3r30	46	345	7	64	325	kd89	262	263	74	26
P49138_60	P49137	339	353	cre90	15	3ka0	47	364	16	64	325	kd89	262	263	74	26
P49138_60	P49137	339	353	cre90	15	3kga	47	364	16	64	325	kd89	262	263	74	26
P49138_60	P49137	339	353	cre90	15	3m2w	47	364	16	64	325	kd89	262	263	74	26
P49138_60	P49137	339	353	cre90	15	3m42	47	364	16	64	325	kd89	262	263	74	26
P49138_60	P49137	339	353	cre90	15	3a2c	47	345	7	64	325	kd89	262	263	74	26
P49138_60	P49137	339	353	cre90	15	3r2b	47	345	7	64	325	kd89	262	263	74	26
P49138_60	P49137	339	353	cre90	15	4tyh	51	400	16	64	325	kd89	262	263	74	26
P49138_60	P49137	339	353	cre90	15	6tca	51	399	16	64	325	kd89	262	263	74	26
P49138_60	P49137	339	353	cre90	15	2oza	51	390	16	64	325	kd89	262	263	74	26
P51812_60	P51812	694	711	cre94	18	4jg7	405	713	19	422	679	kd94	258	259	71	5
P51812_60	P51812	694	711	cre94	18	4jg6	406	712	19	422	679	kd94	258	259	71	5
P51812_60	P51812	694	711	cre94	18	4d9u	408	714	19	422	679	kd94	258	259	71	5
P51812_60	P51812	694	711	cre94	18	4jg8	415	714	19	422	679	kd94	258	259	71	5
P51812_60	P51812	694	711	cre94	18	4d9t	415	713	19	422	679	kd94	258	259	71	5
P53355_60	P53355	292	301	cre95	10	2w4k	2	302	11	13	275	kd95	263	264	17	15
P53355_60	P53355	292	301	cre95	10	2xuu	2	302	11	13	275	kd95	263	264	17	15
P53355_60	P53355	292	301	cre95	10	6fhb	2	302	11	13	275	kd95	263	264	17	15
P53355_60	P53355	292	301	cre95	10	4tl0	2	301	10	13	275	kd95	263	264	17	15
P53355_60	P53355	292	301	cre95	10	1ig1	2	294	3	13	275	kd95	263	264	17	15
P53355_60	P53355	292	301	cre95	10	1jkl	2	294	3	13	275	kd95	263	264	17	15
P53355_60	P53355	292	301	cre95	10	1jks	2	294	3	13	275	kd95	263	264	17	15
P53355_60	P53355	292	301	cre95	10	1p4f	2	293	2	13	275	kd95	263	264	17	15
P53355_60	P53355	292	301	cre95	10	2x0g	3	320	11	13	275	kd95	263	264	17	15
P53355_60	P53355	292	301	cre95	10	2y0a	3	302	11	13	275	kd95	263	264	17	15
P53355_60	P53355	292	301	cre95	10	4uv0	3	302	11	13	275	kd95	263	264	17	15
P53355_60	P53355	292	301	cre95	10	2xzs	4	312	11	13	275	kd95	263	264	17	15
P53355_60	P53355	292	301	cre95	10	6fha	4	302	11	13	275	kd95	263	264	17	15
P53355_60	P53355	292	301	cre95	10	6qmo	4	302	11	13	275	kd95	263	264	17	15
P53355_60	P53355	292	301	cre95	10	4b4l	5	303	11	13	275	kd95	263	264	17	15
P54645_60	P54645	302	381	cre99	80	4qfg	20	559	81	27	279	kd99	253	254	78	22
P54645_60	P54645	302	381	cre99	80	4qfr	20	559	81	27	279	kd99	253	254	78	22
P54645_60	P54645	302	381	cre99	80	4qfs	20	559	81	27	279	kd99	253	254	78	22
P54645_60	P54645	302	381	cre99	80	5t5t	20	559	81	27	279	kd99	253	254	78	22
P54645_60	P54645	302	381	cre99	80	6e4t	20	559	81	27	279	kd99	253	254	78	22
P54645_60	P54645	302	381	cre99	80	6e4u	20	559	81	27	279	kd99	253	254	78	22
P54645_60	P54645	302	381	cre99	80	6e4w	20	559	81	27	279	kd99	253	254	78	22
P54645_60	P54645	302	381	cre99	80	4cfh	21	559	81	27	279	kd99	253	254	78	22
P54645_60	P54645	302	381	cre99	80	5kq5	21	559	81	27	279	kd99	253	254	78	22
P54645_60	P54645	302	381	cre99	80	5ufu	269	559	81	27	279	kd99	253	11	78	22
P54645_60	Q13131	302	381	cre122	80	5ezv	19	377	76	27	279	kd122	253	254	78	22
P54645_60	Q13131	302	381	cre122	80	4rer	20	559	81	27	279	kd122	253	254	78	22
P54645_60	Q13131	302	381	cre122	80	4rew	20	559	81	27	279	kd122	253	254	78	22
P54645_60	Q13131	302	381	cre122	80	6c9j	22	559	81	27	279	kd122	253	254	78	22
P54645_60	Q13131	302	381	cre122	80	7jhg	22	559	81	27	279	kd122	253	254	78	22
P54645_60	Q13131	302	381	cre122	80	7jhh	22	559	81	27	279	kd122	253	254	78	22
P54645_60	Q13131	302	381	cre122	80	7jij	22	559	81	27	279	kd122	253	254	78	22
P54645_60	Q13131	302	381	cre122	80	7m74	22	559	81	27	279	kd122	253	254	78	22
P54645_60	Q13131	302	381	cre122	80	6c9f	22	558	81	27	279	kd122	253	254	78	22
P54645_60	Q13131	302	381	cre122	80	6c9g	22	558	81	27	279	kd122	253	254	78	22
P54645_60	Q13131	302	381	cre122	80	6c9h	22	558	81	27	279	kd122	253	254	78	22
P54645_60	Q13131	302	381	cre122	80	4red	22	360	59	27	279	kd122	253	254	78	22
P54646_60	P54646	291	376	cre100	86	7myj	7	551	87	16	268	kd100	253	254	17	8
P54646_60	P54646	291	376	cre100	86	6b1u	8	552	87	16	268	kd100	253	254	17	8
P54646_60	P54646	291	376	cre100	86	4cfe	8	551	87	16	268	kd100	253	254	17	8
P54646_60	P54646	291	376	cre100	86	4cff	8	551	87	16	268	kd100	253	254	17	8
P54646_60	P54646	291	376	cre100	86	4zhx	9	551	87	16	268	kd100	253	254	17	8
P54646_60	P54646	291	376	cre100	86	5iso	9	551	87	16	268	kd100	253	254	17	8
P54646_60	P54646	291	376	cre100	86	6b2e	9	551	87	16	268	kd100	253	254	17	8
P54646_60	P54646	291	376	cre100	86	5ezv	17	551	87	16	268	kd100	253	252	17	8
Q00944_60	Q00944	35	362	cre110	328	2j0m	31	686	329	422	680	kd110	259	260	110	5
Q00944_60	Q00944	35	362	cre110	328	6ty4	34	686	329	422	680	kd110	259	260	110	5
Q00944_60	Q00944	35	362	cre110	328	2j0j	35	686	328	422	680	kd110	259	260	110	5
Q00944_60	Q00944	35	362	cre110	328	2j0k	35	686	328	422	680	kd110	259	260	110	5
Q00944_60	Q00944	35	362	cre110	328	6ty3	35	686	328	422	680	kd110	259	260	110	5
Q01974_60	Q01974	633	646	cre111	14	4gt4	464	752	15	473	746	kd111	274	275	106	2
Q01974_60	Q01974	633	646	cre111	14	3zzw	466	750	15	473	746	kd111	274	275	106	2
Q02750_60	Q02750	75	102	cre112	28	7b3m	37	382	29	68	361	kd112	294	295	116	60
Q02750_60	Q02750	75	102	cre112	28	7b7r	37	382	29	68	361	kd112	294	295	116	60
Q02750_60	Q02750	75	102	cre112	28	7b94	37	382	29	68	361	kd112	294	295	116	60
Q02750_60	Q02750	75	102	cre112	28	7b9l	37	382	29	68	361	kd112	294	295	116	60
Q02750_60	Q02750	75	102	cre112	28	6pp9	38	383	29	68	361	kd112	294	295	116	60
Q02750_60	Q02750	75	102	cre112	28	3eqc	39	382	29	68	361	kd112	294	295	116	60
Q02750_60	Q02750	75	102	cre112	28	3eqd	39	382	29	68	361	kd112	294	295	116	60
Q02750_60	Q02750	75	102	cre112	28	3eqi	39	382	29	68	361	kd112	294	295	116	60
Q02750_60	Q02750	75	102	cre112	28	3w8q	39	382	29	68	361	kd112	294	295	116	60
Q02750_60	Q02750	75	102	cre112	28	3zls	39	382	29	68	361	kd112	294	295	116	60
Q02750_60	Q02750	75	102	cre112	28	3zlw	39	382	29	68	361	kd112	294	295	116	60
Q02750_60	Q02750	75	102	cre112	28	3zlx	39	382	29	68	361	kd112	294	295	116	60
Q02750_60	Q02750	75	102	cre112	28	5bx0	39	382	29	68	361	kd112	294	295	116	60
Q02750_60	Q02750	75	102	cre112	28	5yt3	39	382	29	68	361	kd112	294	295	116	60
Q02750_60	Q02750	75	102	cre112	28	7pqv	39	382	29	68	361	kd112	294	295	116	60
Q02750_60	Q02750	75	102	cre112	28	3eqf	39	381	29	68	361	kd112	294	295	116	60
Q02750_60	Q02750	75	102	cre112	28	3eqg	39	381	29	68	361	kd112	294	295	116	60
Q02750_60	Q02750	75	102	cre112	28	3eqh	39	381	29	68	361	kd112	294	295	116	60
Q02750_60	Q02750	75	102	cre112	28	6v2w	40	383	29	68	361	kd112	294	295	116	60
Q02750_60	Q02750	75	102	cre112	28	7m0x	40	383	29	68	361	kd112	294	295	116	60
Q02750_60	Q02750	75	102	cre112	28	3zly	40	382	29	68	361	kd112	294	295	116	60
Q02750_60	Q02750	75	102	cre112	28	3zm4	40	382	29	68	361	kd112	294	295	116	60
Q02750_60	Q02750	75	102	cre112	28	5eym	41	381	29	68	361	kd112	294	295	116	60
Q02750_60	Q02750	75	102	cre112	28	7m0t	42	383	29	68	361	kd112	294	295	116	60
Q02750_60	Q02750	75	102	cre112	28	7m0v	42	383	29	68	361	kd112	294	295	116	60
Q02750_60	Q02750	75	102	cre112	28	7m0w	42	383	29	68	361	kd112	294	295	116	60
Q02750_60	Q02750	75	102	cre112	28	7m0z	42	383	29	68	361	kd112	294	295	116	60
Q02750_60	Q02750	75	102	cre112	28	7m0u	43	385	29	68	361	kd112	294	295	116	60
Q02750_60	Q02750	75	102	cre112	28	6u2g	43	383	29	68	361	kd112	294	295	116	60
Q02750_60	Q02750	75	102	cre112	28	5hze	43	382	29	68	361	kd112	294	295	116	60
Q02750_60	Q02750	75	102	cre112	28	7m0y	43	382	29	68	361	kd112	294	295	116	60
Q02750_60	Q02750	75	102	cre112	28	6q0j	43	379	29	68	361	kd112	294	295	116	60
Q02750_60	Q02750	75	102	cre112	28	6q0t	43	379	29	68	361	kd112	294	295	116	60
Q02750_60	Q02750	75	102	cre112	28	3sls	45	383	29	68	361	kd112	294	295	116	60
Q02750_60	Q02750	75	102	cre112	28	7mfd	52	383	29	68	361	kd112	294	295	116	60
Q02750_60	Q02750	75	102	cre112	28	6nyb	56	383	29	68	361	kd112	294	295	116	60
Q02750_60	Q02750	75	102	cre112	28	4an2	61	381	29	68	361	kd112	294	295	116	60
Q02750_60	Q02750	75	102	cre112	28	4an3	61	381	29	68	361	kd112	294	295	116	60
Q02750_60	Q02750	75	102	cre112	28	4an9	61	381	29	68	361	kd112	294	295	116	60
Q02750_60	Q02750	75	102	cre112	28	4anb	61	381	29	68	361	kd112	294	295	116	60
Q02750_60	Q02750	75	102	cre112	28	1s9j	62	382	29	68	361	kd112	294	295	116	60
Q02750_60	Q02750	75	102	cre112	28	2p55	62	382	29	68	361	kd112	294	295	116	60
Q02750_60	Q02750	75	102	cre112	28	3dv3	62	382	29	68	361	kd112	294	295	116	60
Q02750_60	Q02750	75	102	cre112	28	3e8n	62	382	29	68	361	kd112	294	295	116	60
Q02750_60	Q02750	75	102	cre112	28	3eqb	62	382	29	68	361	kd112	294	295	116	60
Q02750_60	Q02750	75	102	cre112	28	3pp1	62	382	29	68	361	kd112	294	295	116	60
Q02750_60	Q02750	75	102	cre112	28	3v01	62	382	29	68	361	kd112	294	295	116	60
Q02750_60	Q02750	75	102	cre112	28	3v04	62	382	29	68	361	kd112	294	295	116	60
Q02750_60	Q02750	75	102	cre112	28	3vvh	62	382	29	68	361	kd112	294	295	116	60
Q02750_60	Q02750	75	102	cre112	28	4ark	62	382	29	68	361	kd112	294	295	116	60
Q02750_60	Q02750	75	102	cre112	28	4lmn	62	382	29	68	361	kd112	294	295	116	60
Q02750_60	Q02750	75	102	cre112	28	4mne	62	382	29	68	361	kd112	294	295	116	60
Q02750_60	Q02750	75	102	cre112	28	4u7z	62	382	29	68	361	kd112	294	295	116	60
Q02750_60	Q02750	75	102	cre112	28	4u81	62	382	29	68	361	kd112	294	295	116	60
Q02750_60	Q02750	75	102	cre112	28	3mbl	62	381	29	68	361	kd112	294	295	116	60
Q02750_60	Q02750	75	102	cre112	28	3orn	62	380	29	68	361	kd112	294	295	116	60
Q02750_60	Q02750	75	102	cre112	28	3wig	62	380	29	68	361	kd112	294	295	116	60
Q02750_60	Q02750	75	102	cre112	28	4u80	62	379	29	68	361	kd112	294	295	116	60
Q02750_60	Q02750	75	102	cre112	28	3os3	62	378	29	68	361	kd112	294	295	116	60
Q02750_60	Q02750	75	102	cre112	28	3dy7	62	364	29	68	361	kd112	294	295	116	60
Q08E52_60	Q13153	83	149	cre123	67	1f3m	78	542	68	270	521	kd123	252	253	120	1
Q09137_60	P54646	291	376	cre100	86	7myj	7	551	87	16	268	kd100	253	254	136	8
Q09137_60	P54646	291	376	cre100	86	6b1u	8	552	87	16	268	kd100	253	254	136	8
Q09137_60	P54646	291	376	cre100	86	4cfe	8	551	87	16	268	kd100	253	254	136	8
Q09137_60	P54646	291	376	cre100	86	4cff	8	551	87	16	268	kd100	253	254	136	8
Q09137_60	P54646	291	376	cre100	86	4zhx	9	551	87	16	268	kd100	253	254	136	8
Q09137_60	P54646	291	376	cre100	86	5iso	9	551	87	16	268	kd100	253	254	136	8
Q09137_60	P54646	291	376	cre100	86	6b2e	9	551	87	16	268	kd100	253	254	136	8
Q09137_60	P54646	291	376	cre100	86	5ezv	17	551	87	16	268	kd100	253	252	136	8
Q13043_60	Q13043	282	431	cre121	150	3com	16	300	19	30	281	kd121	252	253	128	3
Q13043_60	Q13043	282	431	cre121	150	6yat	18	308	27	30	281	kd121	252	253	128	3
Q13043_60	Q13043	282	431	cre121	150	8a5j	28	309	28	30	281	kd121	252	253	128	3
Q13131_60	P54645	302	381	cre99	80	4qfg	20	559	81	27	279	kd99	253	254	117	22
Q13131_60	P54645	302	381	cre99	80	4qfr	20	559	81	27	279	kd99	253	254	117	22
Q13131_60	P54645	302	381	cre99	80	4qfs	20	559	81	27	279	kd99	253	254	117	22
Q13131_60	P54645	302	381	cre99	80	5t5t	20	559	81	27	279	kd99	253	254	117	22
Q13131_60	P54645	302	381	cre99	80	6e4t	20	559	81	27	279	kd99	253	254	117	22
Q13131_60	P54645	302	381	cre99	80	6e4u	20	559	81	27	279	kd99	253	254	117	22
Q13131_60	P54645	302	381	cre99	80	6e4w	20	559	81	27	279	kd99	253	254	117	22
Q13131_60	P54645	302	381	cre99	80	4cfh	21	559	81	27	279	kd99	253	254	117	22
Q13131_60	P54645	302	381	cre99	80	5kq5	21	559	81	27	279	kd99	253	254	117	22
Q13131_60	P54645	302	381	cre99	80	5ufu	269	559	81	27	279	kd99	253	11	117	22
Q13131_60	Q13131	302	381	cre122	80	5ezv	19	377	76	27	279	kd122	253	254	117	22
Q13131_60	Q13131	302	381	cre122	80	4rer	20	559	81	27	279	kd122	253	254	117	22
Q13131_60	Q13131	302	381	cre122	80	4rew	20	559	81	27	279	kd122	253	254	117	22
Q13131_60	Q13131	302	381	cre122	80	6c9j	22	559	81	27	279	kd122	253	254	117	22
Q13131_60	Q13131	302	381	cre122	80	7jhg	22	559	81	27	279	kd122	253	254	117	22
Q13131_60	Q13131	302	381	cre122	80	7jhh	22	559	81	27	279	kd122	253	254	117	22
Q13131_60	Q13131	302	381	cre122	80	7jij	22	559	81	27	279	kd122	253	254	117	22
Q13131_60	Q13131	302	381	cre122	80	7m74	22	559	81	27	279	kd122	253	254	117	22
Q13131_60	Q13131	302	381	cre122	80	6c9f	22	558	81	27	279	kd122	253	254	117	22
Q13131_60	Q13131	302	381	cre122	80	6c9g	22	558	81	27	279	kd122	253	254	117	22
Q13131_60	Q13131	302	381	cre122	80	6c9h	22	558	81	27	279	kd122	253	254	117	22
Q13131_60	Q13131	302	381	cre122	80	4red	22	360	59	27	279	kd122	253	254	117	22
Q13153_60	Q13153	83	149	cre123	67	1f3m	78	542	68	270	521	kd123	252	253	119	1
Q13188_60	Q13188	279	435	cre127	157	4lgd	10	490	158	27	278	kd126	252	253	129	5
Q13188_60	Q13188	279	435	cre127	157	4lg4	18	310	32	27	278	kd126	252	253	129	5
Q13188_60	Q13188	279	435	cre127	157	5dh3	18	307	29	27	278	kd126	252	253	129	5
Q13188_60	Q13188	279	435	cre127	157	8a66	18	304	26	27	278	kd126	252	253	129	5
Q13188_60	Q13188	279	435	cre127	157	6ao5	28	488	158	27	278	kd126	252	251	129	5
Q13554_60	Q13554	283	292	cre131	10	3bhh	11	301	11	14	272	kd129	259	260	76	1
Q13555_60	Q13555	283	292	cre132	10	2v7o	3	302	11	14	272	kd130	259	260	105	1
Q13557_60	Q13557	283	292	cre133	10	5vlo	7	300	11	14	272	kd131	259	260	112	5
Q13557_60	Q13557	283	292	cre133	10	6ayw	7	300	11	14	272	kd131	259	260	112	5
Q13557_60	Q13557	283	292	cre133	10	2wel	10	316	11	14	272	kd131	259	260	112	5
Q13557_60	Q13557	283	292	cre133	10	2vn9	10	309	11	14	272	kd131	259	260	112	5
Q13557_60	Q6PHZ2	283	292	cre197	10	6bab	9	301	11	14	272	kd197	259	260	112	5
Q13976_60	Q13976	50	75	cre134	26	7lv3	57	671	19	360	619	kd132	260	261	97	1
Q14012_60	Q14012	276	316	cre135	41	4fg7	9	277	2	20	276	kd133	257	258	51	4
Q14012_60	Q14012	276	316	cre135	41	4fg9	10	314	39	20	276	kd133	257	258	51	4
Q14012_60	Q14012	276	316	cre135	41	4fg8	10	299	24	20	276	kd133	257	258	51	4
Q14012_60	Q14012	276	316	cre135	41	4fgb	10	299	24	20	276	kd133	257	258	51	4
Q14680_60	Q14680	326	651	cre136	326	5twu	1	335	10	11	263	kd134	253	254	39	31
Q14680_60	Q14680	326	651	cre136	326	6gvx	1	335	10	11	263	kd134	253	254	39	31
Q14680_60	Q14680	326	651	cre136	326	5tx3	1	334	9	11	263	kd134	253	254	39	31
Q14680_60	Q14680	326	651	cre136	326	4d2p	1	333	8	11	263	kd134	253	254	39	31
Q14680_60	Q14680	326	651	cre136	326	4d2t	1	333	8	11	263	kd134	253	254	39	31
Q14680_60	Q14680	326	651	cre136	326	4d2v	1	333	8	11	263	kd134	253	254	39	31
Q14680_60	Q14680	326	651	cre136	326	4d2w	1	333	8	11	263	kd134	253	254	39	31
Q14680_60	Q14680	326	651	cre136	326	4ump	1	333	8	11	263	kd134	253	254	39	31
Q14680_60	Q14680	326	651	cre136	326	6vxr	1	332	7	11	263	kd134	253	254	39	31
Q14680_60	Q14680	326	651	cre136	326	4ixp	2	335	10	11	263	kd134	253	254	39	31
Q14680_60	Q14680	326	651	cre136	326	4bkz	2	334	9	11	263	kd134	253	254	39	31
Q14680_60	Q14680	326	651	cre136	326	4bl1	2	333	8	11	263	kd134	253	254	39	31
Q14680_60	Q14680	326	651	cre136	326	5m5a	2	333	8	11	263	kd134	253	254	39	31
Q14680_60	Q14680	326	651	cre136	326	5maf	2	333	8	11	263	kd134	253	254	39	31
Q14680_60	Q14680	326	651	cre136	326	5mah	2	333	8	11	263	kd134	253	254	39	31
Q14680_60	Q14680	326	651	cre136	326	5mai	2	333	8	11	263	kd134	253	254	39	31
Q14680_60	Q14680	326	651	cre136	326	5tvt	2	333	8	11	263	kd134	253	254	39	31
Q14680_60	Q14680	326	651	cre136	326	5twl	2	333	8	11	263	kd134	253	254	39	31
Q14680_60	Q14680	326	651	cre136	326	5twy	2	333	8	11	263	kd134	253	254	39	31
Q14680_60	Q14680	326	651	cre136	326	5twz	2	333	8	11	263	kd134	253	254	39	31
Q14680_60	Q14680	326	651	cre136	326	5mag	3	335	10	11	263	kd134	253	254	39	31
Q14680_60	Q14680	326	651	cre136	326	4bky	3	333	8	11	263	kd134	253	254	39	31
Q14680_60	Q14680	326	651	cre136	326	4umt	3	333	8	11	263	kd134	253	254	39	31
Q14680_60	Q14680	326	651	cre136	326	4umu	3	333	8	11	263	kd134	253	254	39	31
Q14680_60	Q14680	326	651	cre136	326	5ih8	3	327	2	11	263	kd134	253	254	39	31
Q14680_60	Q14680	326	651	cre136	326	5ih9	3	327	2	11	263	kd134	253	254	39	31
Q14680_60	Q14680	326	651	cre136	326	5iha	3	327	2	11	263	kd134	253	254	39	31
Q14680_60	Q14680	326	651	cre136	326	5ihc	3	327	2	11	263	kd134	253	254	39	31
Q14680_60	Q14680	326	651	cre136	326	5k00	3	327	2	11	263	kd134	253	254	39	31
Q14680_60	Q14680	326	651	cre136	326	4umq	5	333	8	11	263	kd134	253	254	39	31
Q14680_60	Q14680	326	651	cre136	326	4umr	6	333	8	11	263	kd134	253	254	39	31
Q15418_60	Q15418	687	706	cre138	20	4nif	413	728	21	418	675	kd138	258	259	76	3
Q15418_60	Q15418	687	706	cre138	20	2wnt	415	709	21	418	675	kd138	258	259	76	3
Q15418_60	Q15418	687	706	cre138	20	3rny	418	708	21	418	675	kd138	258	258	76	3
Q16566_60	Q16566	305	321	cre139	17	2w4o	34	337	18	46	300	kd139	255	256	42	1
Q16644_60	Q16644	344	382	cre142	39	3fhr	33	349	6	44	304	kd142	261	262	68	5
Q16644_60	Q16644	344	382	cre142	39	3fxw	33	349	6	44	304	kd142	261	262	68	5
Q16644_60	Q16644	344	382	cre142	39	7nrb	33	349	6	44	304	kd142	261	262	68	5
Q16644_60	Q16644	344	382	cre142	39	3r1n	33	348	5	44	304	kd142	261	262	68	5
Q16644_60	Q16644	344	382	cre142	39	3she	33	348	5	44	304	kd142	261	262	68	5
Q61846_60	Q61846	326	643	cre178	318	4bfm	2	326	1	11	263	kd178	253	254	37	2
Q61846_60	Q61846	326	643	cre178	318	4cqg	2	326	1	11	263	kd178	253	254	37	2
Q63450_60	Q63450	285	312	cre183	28	1a06	10	316	29	20	276	kd183	257	258	51	1
Q6PHZ2_60	Q6PHZ2	283	292	cre197	10	6bab	9	301	11	14	272	kd197	259	260	72	1
Q80YE7_60	P53355	292	301	cre95	10	2w4k	2	302	11	13	275	kd95	263	264	112	15
Q80YE7_60	P53355	292	301	cre95	10	2xuu	2	302	11	13	275	kd95	263	264	112	15
Q80YE7_60	P53355	292	301	cre95	10	6fhb	2	302	11	13	275	kd95	263	264	112	15
Q80YE7_60	P53355	292	301	cre95	10	4tl0	2	301	10	13	275	kd95	263	264	112	15
Q80YE7_60	P53355	292	301	cre95	10	1ig1	2	294	3	13	275	kd95	263	264	112	15
Q80YE7_60	P53355	292	301	cre95	10	1jkl	2	294	3	13	275	kd95	263	264	112	15
Q80YE7_60	P53355	292	301	cre95	10	1jks	2	294	3	13	275	kd95	263	264	112	15
Q80YE7_60	P53355	292	301	cre95	10	1p4f	2	293	2	13	275	kd95	263	264	112	15
Q80YE7_60	P53355	292	301	cre95	10	2x0g	3	320	11	13	275	kd95	263	264	112	15
Q80YE7_60	P53355	292	301	cre95	10	2y0a	3	302	11	13	275	kd95	263	264	112	15
Q80YE7_60	P53355	292	301	cre95	10	4uv0	3	302	11	13	275	kd95	263	264	112	15
Q80YE7_60	P53355	292	301	cre95	10	2xzs	4	312	11	13	275	kd95	263	264	112	15
Q80YE7_60	P53355	292	301	cre95	10	6fha	4	302	11	13	275	kd95	263	264	112	15
Q80YE7_60	P53355	292	301	cre95	10	6qmo	4	302	11	13	275	kd95	263	264	112	15
Q80YE7_60	P53355	292	301	cre95	10	4b4l	5	303	11	13	275	kd95	263	264	112	15
Q8BRK8_60	P54646	291	376	cre100	86	7myj	7	551	87	16	268	kd100	253	254	137	8
Q8BRK8_60	P54646	291	376	cre100	86	6b1u	8	552	87	16	268	kd100	253	254	137	8
Q8BRK8_60	P54646	291	376	cre100	86	4cfe	8	551	87	16	268	kd100	253	254	137	8
Q8BRK8_60	P54646	291	376	cre100	86	4cff	8	551	87	16	268	kd100	253	254	137	8
Q8BRK8_60	P54646	291	376	cre100	86	4zhx	9	551	87	16	268	kd100	253	254	137	8
Q8BRK8_60	P54646	291	376	cre100	86	5iso	9	551	87	16	268	kd100	253	254	137	8
Q8BRK8_60	P54646	291	376	cre100	86	6b2e	9	551	87	16	268	kd100	253	254	137	8
Q8BRK8_60	P54646	291	376	cre100	86	5ezv	17	551	87	16	268	kd100	253	252	137	8
Q8BW96_60	Q8IU85	279	319	cre226	41	2jc6	11	313	35	23	279	kd226	257	258	109	5
Q8BW96_60	Q8IU85	279	319	cre226	41	6t6f	12	329	42	23	279	kd226	257	258	109	5
Q8BW96_60	Q8IU85	279	319	cre226	41	6t28	12	302	24	23	279	kd226	257	258	109	5
Q8BW96_60	Q8IU85	279	319	cre226	41	6t29	12	302	24	23	279	kd226	257	258	109	5
Q8BW96_60	Q8IU85	279	319	cre226	41	6qp5	13	302	24	23	279	kd226	257	258	109	5
Q8I719_60	A5K0N4	1	22	cre10	22	5f0a	1	846	22	534	791	kd10	258	259	8	7
Q8I719_60	A5K0N4	1	22	cre10	22	5dzc	1	843	22	534	791	kd10	258	259	8	7
Q8I719_60	A5K0N4	1	22	cre10	22	5dyl	1	816	22	534	791	kd10	258	259	8	7
Q8I719_60	A5K0N4	1	22	cre10	22	4rz7	1	815	22	534	791	kd10	258	259	8	7
Q8I719_60	A5K0N4	1	22	cre10	22	5fet	2	816	21	534	791	kd10	258	259	8	7
Q8I719_60	A5K0N4	1	22	cre10	22	5ezr	2	815	21	534	791	kd10	258	259	8	7
Q8I719_60	Q8I719	1	29	cre223	29	5dyk	15	853	15	541	798	kd223	258	259	8	7
Q8IBS5_60	Q8IBS5	350	358	cre224	9	4rgj	39	528	10	71	329	kd224	259	260	12	2
Q8IBS5_60	Q8IBS5	350	358	cre224	9	4qox	51	528	10	71	329	kd224	259	260	12	2
Q8IU85_60	Q8IU85	279	319	cre226	41	2jc6	11	313	35	23	279	kd226	257	258	109	5
Q8IU85_60	Q8IU85	279	319	cre226	41	6t6f	12	329	42	23	279	kd226	257	258	109	5
Q8IU85_60	Q8IU85	279	319	cre226	41	6t28	12	302	24	23	279	kd226	257	258	109	5
Q8IU85_60	Q8IU85	279	319	cre226	41	6t29	12	302	24	23	279	kd226	257	258	109	5
Q8IU85_60	Q8IU85	279	319	cre226	41	6qp5	13	302	24	23	279	kd226	257	258	109	5
Q8VDF3_60	Q8VDF3	292	301	cre233	10	2yaa	12	311	11	23	285	kd233	263	264	65	9
Q8VDF3_60	Q8VDF3	292	301	cre233	10	2ya9	13	311	11	23	285	kd233	263	264	65	9
Q8VDF3_60	Q8VDF3	292	301	cre233	10	2yab	13	311	11	23	285	kd233	263	264	65	9
Q8VDF3_60	Q9UIK4	292	301	cre273	10	2a2a	11	314	11	23	285	kd273	263	264	65	9
Q8VDF3_60	Q9UIK4	292	301	cre273	10	2cke	11	311	11	23	285	kd273	263	264	65	9
Q8VDF3_60	Q9UIK4	292	301	cre273	10	1wmk	12	325	11	23	285	kd273	263	264	65	9
Q8VDF3_60	Q9UIK4	292	301	cre273	10	2a27	12	315	11	23	285	kd273	263	264	65	9
Q8VDF3_60	Q9UIK4	292	301	cre273	10	1z9x	12	314	11	23	285	kd273	263	264	65	9
Q8VDF3_60	Q9UIK4	292	301	cre273	10	6paw	14	329	11	23	285	kd273	263	264	65	9
Q91VB2_60	Q96NX5	277	317	cre243	41	2jam	16	302	26	23	277	kd243	255	256	74	1
Q91YS8_60	Q14012	276	316	cre135	41	4fg7	9	277	2	20	276	kd133	257	258	90	5
Q91YS8_60	Q14012	276	316	cre135	41	4fg9	10	314	39	20	276	kd133	257	258	90	5
Q91YS8_60	Q14012	276	316	cre135	41	4fg8	10	299	24	20	276	kd133	257	258	90	5
Q91YS8_60	Q14012	276	316	cre135	41	4fgb	10	299	24	20	276	kd133	257	258	90	5
Q91YS8_60	Q63450	285	312	cre183	28	1a06	10	316	29	20	276	kd183	257	258	90	5
Q96NX5_60	Q96NX5	277	317	cre243	41	2jam	16	302	26	23	277	kd243	255	256	44	1
Q9UIK4_60	Q9UIK4	292	301	cre273	10	2a2a	11	314	11	23	285	kd273	263	264	63	6
Q9UIK4_60	Q9UIK4	292	301	cre273	10	2cke	11	311	11	23	285	kd273	263	264	63	6
Q9UIK4_60	Q9UIK4	292	301	cre273	10	1wmk	12	325	11	23	285	kd273	263	264	63	6
Q9UIK4_60	Q9UIK4	292	301	cre273	10	2a27	12	315	11	23	285	kd273	263	264	63	6
Q9UIK4_60	Q9UIK4	292	301	cre273	10	1z9x	12	314	11	23	285	kd273	263	264	63	6
Q9UIK4_60	Q9UIK4	292	301	cre273	10	6paw	14	329	11	23	285	kd273	263	264	63	6
