uniprot	term_id_kd	term_id_cre	start	end	length	pdb	start_b	end_b	overlap
A5K0N4	kd10	cre10	1	791	791	5f0a	1	846	791
A5K0N4	kd10	cre10	1	791	791	5dzc	1	843	791
A5K0N4	kd10	cre10	1	791	791	5dyl	1	816	791
A5K0N4	kd10	cre10	1	791	791	4rz7	1	815	791
A5K0N4	kd10	cre10	1	791	791	5fet	2	816	790
A5K0N4	kd10	cre10	1	791	791	5ezr	2	815	790
O14757	kd15	cre15	9	476	468	2gdo	1	273	265
O14757	kd15	cre15	9	476	468	2x8d	2	281	273
O14757	kd15	cre15	9	476	468	2ydi	2	281	273
O14757	kd15	cre15	9	476	468	2hog	2	280	272
O14757	kd15	cre15	9	476	468	2hy0	2	280	272
O14757	kd15	cre15	9	476	468	2qhm	2	280	272
O14757	kd15	cre15	9	476	468	2qhn	2	280	272
O14757	kd15	cre15	9	476	468	2r0u	2	280	272
O14757	kd15	cre15	9	476	468	3tkh	2	280	272
O14757	kd15	cre15	9	476	468	3tki	2	280	272
O14757	kd15	cre15	9	476	468	4ft3	2	280	272
O14757	kd15	cre15	9	476	468	4ft9	2	280	272
O14757	kd15	cre15	9	476	468	4ftc	2	280	272
O14757	kd15	cre15	9	476	468	1ia8	2	276	268
O14757	kd15	cre15	9	476	468	1zlt	2	276	268
O14757	kd15	cre15	9	476	468	2br1	2	276	268
O14757	kd15	cre15	9	476	468	2brb	2	276	268
O14757	kd15	cre15	9	476	468	2bro	2	276	268
O14757	kd15	cre15	9	476	468	2hxl	2	276	268
O14757	kd15	cre15	9	476	468	2hxq	2	276	268
O14757	kd15	cre15	9	476	468	2c3l	2	273	265
O14757	kd15	cre15	9	476	468	3jvr	2	272	264
O14757	kd15	cre15	9	476	468	3jvs	2	272	264
O14757	kd15	cre15	9	476	468	7akm	2	271	263
O14757	kd15	cre15	9	476	468	7ako	2	271	263
O14757	kd15	cre15	9	476	468	2e9n	2	270	262
O14757	kd15	cre15	9	476	468	2e9o	2	270	262
O14757	kd15	cre15	9	476	468	2e9p	2	270	262
O14757	kd15	cre15	9	476	468	2e9u	2	270	262
O14757	kd15	cre15	9	476	468	2ghg	2	270	262
O14757	kd15	cre15	9	476	468	2yex	2	270	262
O14757	kd15	cre15	9	476	468	2ywp	2	270	262
O14757	kd15	cre15	9	476	468	6fc8	2	270	262
O14757	kd15	cre15	9	476	468	6fck	2	270	262
O14757	kd15	cre15	9	476	468	2ayp	2	269	261
O14757	kd15	cre15	9	476	468	2e9v	2	269	261
O14757	kd15	cre15	9	476	468	2x8i	2	269	261
O14757	kd15	cre15	9	476	468	2yer	2	269	261
O14757	kd15	cre15	9	476	468	5oor	3	283	275
O14757	kd15	cre15	9	476	468	4fsm	3	280	272
O14757	kd15	cre15	9	476	468	4fsn	3	280	272
O14757	kd15	cre15	9	476	468	4fsq	3	280	272
O14757	kd15	cre15	9	476	468	4fsr	3	280	272
O14757	kd15	cre15	9	476	468	4fsw	3	280	272
O14757	kd15	cre15	9	476	468	4fsy	3	280	272
O14757	kd15	cre15	9	476	468	4fsz	3	280	272
O14757	kd15	cre15	9	476	468	4ft0	3	280	272
O14757	kd15	cre15	9	476	468	4ft5	3	280	272
O14757	kd15	cre15	9	476	468	4ft7	3	280	272
O14757	kd15	cre15	9	476	468	4fta	3	280	272
O14757	kd15	cre15	9	476	468	4ftk	3	280	272
O14757	kd15	cre15	9	476	468	4ftl	3	280	272
O14757	kd15	cre15	9	476	468	4ftm	3	280	272
O14757	kd15	cre15	9	476	468	4ftt	3	280	272
O14757	kd15	cre15	9	476	468	4ftu	3	280	272
O14757	kd15	cre15	9	476	468	4gh2	3	280	272
O14757	kd15	cre15	9	476	468	4qye	3	280	272
O14757	kd15	cre15	9	476	468	4qyf	3	280	272
O14757	kd15	cre15	9	476	468	4fti	3	279	271
O14757	kd15	cre15	9	476	468	4ftj	3	279	271
O14757	kd15	cre15	9	476	468	4hyi	3	274	266
O14757	kd15	cre15	9	476	468	1nvq	3	273	265
O14757	kd15	cre15	9	476	468	1nvr	3	273	265
O14757	kd15	cre15	9	476	468	1nvs	3	273	265
O14757	kd15	cre15	9	476	468	1zys	3	273	265
O14757	kd15	cre15	9	476	468	4qyg	3	273	265
O14757	kd15	cre15	9	476	468	4qyh	3	273	265
O14757	kd15	cre15	9	476	468	4rvk	3	273	265
O14757	kd15	cre15	9	476	468	4rvl	3	273	265
O14757	kd15	cre15	9	476	468	4rvm	3	273	265
O14757	kd15	cre15	9	476	468	3pa5	3	272	264
O14757	kd15	cre15	9	476	468	4ftn	3	271	263
O14757	kd15	cre15	9	476	468	4fto	3	271	263
O14757	kd15	cre15	9	476	468	4ftr	3	271	263
O14757	kd15	cre15	9	476	468	5opu	3	271	263
O14757	kd15	cre15	9	476	468	7suf	3	271	263
O14757	kd15	cre15	9	476	468	7sug	3	271	263
O14757	kd15	cre15	9	476	468	2ydk	3	270	262
O14757	kd15	cre15	9	476	468	4fst	3	270	262
O14757	kd15	cre15	9	476	468	4ftq	3	270	262
O14757	kd15	cre15	9	476	468	5op4	3	270	262
O14757	kd15	cre15	9	476	468	5ops	3	270	262
O14757	kd15	cre15	9	476	468	5opv	3	270	262
O14757	kd15	cre15	9	476	468	5oq5	3	270	262
O14757	kd15	cre15	9	476	468	7bjd	3	270	262
O14757	kd15	cre15	9	476	468	7bjh	3	270	262
O14757	kd15	cre15	9	476	468	7bjj	3	270	262
O14757	kd15	cre15	9	476	468	3ot3	4	272	264
O14757	kd15	cre15	9	476	468	3ot8	4	272	264
O14757	kd15	cre15	9	476	468	3pa3	4	272	264
O14757	kd15	cre15	9	476	468	4hyh	4	272	264
O14757	kd15	cre15	9	476	468	4jik	4	272	264
O14757	kd15	cre15	9	476	468	4fsu	4	271	263
O14757	kd15	cre15	9	476	468	5op2	4	271	263
O14757	kd15	cre15	9	476	468	7mck	4	271	263
O14757	kd15	cre15	9	476	468	7sui	4	271	263
O14757	kd15	cre15	9	476	468	2xf0	4	270	262
O14757	kd15	cre15	9	476	468	2ym4	4	270	262
O14757	kd15	cre15	9	476	468	5oot	4	270	262
O14757	kd15	cre15	9	476	468	5op5	4	270	262
O14757	kd15	cre15	9	476	468	5op7	4	270	262
O14757	kd15	cre15	9	476	468	5opr	4	270	262
O14757	kd15	cre15	9	476	468	5oq8	4	270	262
O14757	kd15	cre15	9	476	468	7bje	4	270	262
O14757	kd15	cre15	9	476	468	7suh	4	270	262
O14757	kd15	cre15	9	476	468	5f4n	5	271	263
O14757	kd15	cre15	9	476	468	5oop	5	271	263
O14757	kd15	cre15	9	476	468	5opb	5	271	263
O14757	kd15	cre15	9	476	468	7bjo	5	271	263
O14757	kd15	cre15	9	476	468	7bk2	5	271	263
O14757	kd15	cre15	9	476	468	7bk3	5	271	263
O14757	kd15	cre15	9	476	468	5oq6	5	270	262
O14757	kd15	cre15	9	476	468	7bjm	5	270	262
O14757	kd15	cre15	9	476	468	7bjr	5	270	262
O14757	kd15	cre15	9	476	468	2brn	6	276	268
O14757	kd15	cre15	9	476	468	2cgx	6	273	265
O14757	kd15	cre15	9	476	468	2cgv	6	272	264
O14757	kd15	cre15	9	476	468	3pa4	6	272	264
O14757	kd15	cre15	9	476	468	2brh	6	271	263
O14757	kd15	cre15	9	476	468	2cgu	6	271	263
O14757	kd15	cre15	9	476	468	2cgw	6	271	263
O14757	kd15	cre15	9	476	468	3nlb	6	271	263
O14757	kd15	cre15	9	476	468	2c3j	6	270	262
O14757	kd15	cre15	9	476	468	2c3k	6	270	262
O14757	kd15	cre15	9	476	468	5dls	6	270	262
O14757	kd15	cre15	9	476	468	2xey	6	269	261
O14757	kd15	cre15	9	476	468	2brm	7	274	266
O14757	kd15	cre15	9	476	468	3u9n	7	272	264
O14757	kd15	cre15	9	476	468	2ym7	7	271	263
O14757	kd15	cre15	9	476	468	7bkn	7	271	263
O14757	kd15	cre15	9	476	468	7bko	7	271	263
O14757	kd15	cre15	9	476	468	2wmr	7	270	262
O14757	kd15	cre15	9	476	468	2wms	7	270	262
O14757	kd15	cre15	9	476	468	2wmv	7	270	262
O14757	kd15	cre15	9	476	468	2xez	7	270	262
O14757	kd15	cre15	9	476	468	2ym6	7	270	262
O14757	kd15	cre15	9	476	468	3f9n	7	270	262
O14757	kd15	cre15	9	476	468	2brg	7	269	261
O14757	kd15	cre15	9	476	468	2wmq	7	269	261
O14757	kd15	cre15	9	476	468	2wmw	7	269	261
O14757	kd15	cre15	9	476	468	2wmx	7	269	261
O14757	kd15	cre15	9	476	468	5oq7	8	271	263
O14757	kd15	cre15	9	476	468	7bk1	8	271	263
O14757	kd15	cre15	9	476	468	2wmt	8	270	262
O14757	kd15	cre15	9	476	468	2ym3	8	270	262
O14757	kd15	cre15	9	476	468	2ym5	8	270	262
O14757	kd15	cre15	9	476	468	2ym8	8	270	262
O14757	kd15	cre15	9	476	468	7bjx	8	270	262
O14757	kd15	cre15	9	476	468	2ydj	8	269	261
O14757	kd15	cre15	9	476	468	7suj	9	271	262
O14757	kd15	cre15	9	476	468	2wmu	9	270	261
O14757	kd15	cre15	9	476	468	2x8e	9	270	261
O14757	kd15	cre15	9	476	468	6fcf	9	269	260
O14757	kd15	cre15	9	476	468	5wi2	377	468	91
O15865	kd17	cre17	72	353	282	4mvf	60	511	283
O15865	kd17	cre17	72	353	282	3pm8	335	512	19
O43318	kd19	cre19	1	291	291	2eva	31	305	261
O43318	kd19	cre19	1	291	291	2yiy	31	303	261
O43318	kd19	cre19	1	291	291	4gs6	31	303	261
O43318	kd19	cre19	1	291	291	4l3p	31	303	261
O43318	kd19	cre19	1	291	291	4l52	31	303	261
O43318	kd19	cre19	1	291	291	4l53	31	303	261
O43318	kd19	cre19	1	291	291	4o91	31	303	261
O43318	kd19	cre19	1	291	291	5e7r	31	303	261
O43318	kd19	cre19	1	291	291	5gjd	31	303	261
O43318	kd19	cre19	1	291	291	5gjf	31	303	261
O43318	kd19	cre19	1	291	291	5gjg	31	303	261
O43318	kd19	cre19	1	291	291	5j7s	31	303	261
O43318	kd19	cre19	1	291	291	5j8i	31	303	261
O43318	kd19	cre19	1	291	291	5j9l	31	303	261
O43318	kd19	cre19	1	291	291	5jga	31	303	261
O43318	kd19	cre19	1	291	291	5jgb	31	303	261
O43318	kd19	cre19	1	291	291	5jgd	31	303	261
O43318	kd19	cre19	1	291	291	5jh6	31	303	261
O43318	kd19	cre19	1	291	291	5v5n	31	303	261
O43318	kd19	cre19	1	291	291	7nth	31	303	261
O43318	kd19	cre19	1	291	291	7nti	31	303	261
O43318	kd19	cre19	1	291	291	5jk3	36	303	256
O74536	kd21	cre21	34	351	318	3h4j	27	351	318
O75582	kd22	cre22	49	723	675	1vzo	24	345	297
O75582	kd22	cre22	49	723	675	3kn5	415	729	309
O75582	kd22	cre22	49	723	675	3kn6	415	729	309
O75582	kd22	cre22	49	723	675	7up4	415	728	309
O75582	kd22	cre22	49	723	675	7up5	415	728	309
O75582	kd22	cre22	49	723	675	7up7	415	728	309
O75582	kd22	cre22	49	723	675	7up8	415	727	309
O75582	kd22	cre22	49	723	675	7up6	416	707	291
O75582	kd23	cre22	426	723	298	3kn5	415	729	299
O75582	kd23	cre22	426	723	298	3kn6	415	729	299
O75582	kd23	cre22	426	723	298	7up4	415	728	299
O75582	kd23	cre22	426	723	298	7up5	415	728	299
O75582	kd23	cre22	426	723	298	7up7	415	728	299
O75582	kd23	cre22	426	723	298	7up8	415	727	299
O75582	kd23	cre22	426	723	298	7up6	416	707	282
O75914	kd26	cre24	65	534	470	6fd3	261	556	274
O96013	kd34	cre32	1	572	572	5upk	4	588	569
O96013	kd34	cre32	1	572	572	2ov2	10	44	34
O96013	kd34	cre32	1	572	572	4l67	39	589	534
O96013	kd34	cre32	1	572	572	4fie	49	590	524
O96013	kd34	cre32	1	572	572	4fii	49	590	524
O96013	kd34	cre32	1	572	572	4fif	49	589	524
O96013	kd34	cre32	1	572	572	4xbr	297	589	276
O96013	kd34	cre32	1	572	572	4xbu	297	589	276
O96013	kd34	cre32	1	572	572	2q0n	298	591	275
O96013	kd34	cre32	1	572	572	4fig	298	590	275
O96013	kd34	cre32	1	572	572	4fih	298	589	275
O96013	kd34	cre32	1	572	572	2cdz	299	590	274
O96013	kd34	cre32	1	572	572	2x4z	299	590	274
O96013	kd34	cre32	1	572	572	4fij	299	590	274
O96013	kd34	cre32	1	572	572	6wlx	299	590	274
O96013	kd34	cre32	1	572	572	6wly	299	590	274
O96013	kd34	cre32	1	572	572	5upl	299	589	274
O96013	kd34	cre32	1	572	572	4app	300	591	273
O96013	kd34	cre32	1	572	572	5xva	300	591	273
O96013	kd34	cre32	1	572	572	5xvg	300	591	273
O96013	kd34	cre32	1	572	572	5zjw	300	591	273
O96013	kd34	cre32	1	572	572	7cp4	300	591	273
O96013	kd34	cre32	1	572	572	8ahg	300	591	273
O96013	kd34	cre32	1	572	572	8ahh	300	591	273
O96013	kd34	cre32	1	572	572	8ahi	300	591	273
O96013	kd34	cre32	1	572	572	2j0i	300	589	273
O96013	kd34	cre32	1	572	572	4jdh	300	589	273
O96013	kd34	cre32	1	572	572	4jdi	300	589	273
O96013	kd34	cre32	1	572	572	4jdj	300	589	273
O96013	kd34	cre32	1	572	572	4jdk	300	589	273
O96013	kd34	cre32	1	572	572	4njd	300	589	273
O96013	kd34	cre32	1	572	572	4o0v	300	589	273
O96013	kd34	cre32	1	572	572	4o0x	300	589	273
O96013	kd34	cre32	1	572	572	4o0y	300	589	273
O96013	kd34	cre32	1	572	572	5bms	300	589	273
O96013	kd34	cre32	1	572	572	5ved	300	589	273
O96013	kd34	cre32	1	572	572	5vee	300	589	273
O96013	kd34	cre32	1	572	572	5vef	300	589	273
O96013	kd34	cre32	1	572	572	7cmb	300	589	273
O96013	kd34	cre32	1	572	572	7cp3	300	589	273
O96013	kd34	cre32	1	572	572	5xvf	300	588	273
O96013	kd34	cre32	1	572	572	2bva	300	587	273
O96013	kd34	cre32	1	572	572	5i0b	301	589	272
P00516	kd36	cre34	50	619	570	3shr	79	356	277
P00519	kd37	cre35	2	493	492	6amv	6	236	230
P00519	kd37	cre35	2	493	492	6amw	6	236	230
P00519	kd37	cre35	2	493	492	2fo0	46	511	448
P00519	kd37	cre35	2	493	492	2abl	57	218	161
P00519	kd37	cre35	2	493	492	3eg2	60	121	61
P00519	kd37	cre35	2	493	492	3eg3	60	121	61
P00519	kd37	cre35	2	493	492	4j9f	60	121	61
P00519	kd37	cre35	2	493	492	4jjd	60	121	61
P00519	kd37	cre35	2	493	492	1opl	62	512	432
P00519	kd37	cre35	2	493	492	1ju5	62	121	59
P00519	kd37	cre35	2	493	492	4j9d	62	120	58
P00519	kd37	cre35	2	493	492	4j9h	62	120	58
P00519	kd37	cre35	2	493	492	5oaz	62	120	58
P00519	kd37	cre35	2	493	492	4j9b	63	120	57
P00519	kd37	cre35	2	493	492	4j9c	63	120	57
P00519	kd37	cre35	2	493	492	4j9g	63	120	57
P00519	kd37	cre35	2	493	492	7pvq	63	120	57
P00519	kd37	cre35	2	493	492	7pvr	63	120	57
P00519	kd37	cre35	2	493	492	7pvs	63	120	57
P00519	kd37	cre35	2	493	492	3egu	63	119	56
P00519	kd37	cre35	2	493	492	5mo4	64	512	430
P00519	kd37	cre35	2	493	492	1bbz	64	121	57
P00519	kd37	cre35	2	493	492	2o88	64	121	57
P00519	kd37	cre35	2	493	492	3eg1	64	121	57
P00519	kd37	cre35	2	493	492	4jjc	64	121	57
P00519	kd37	cre35	2	493	492	1awo	64	120	56
P00519	kd37	cre35	2	493	492	4j9e	64	120	56
P00519	kd37	cre35	2	493	492	4j9i	64	120	56
P00519	kd37	cre35	2	493	492	4jjb	64	120	56
P00519	kd37	cre35	2	493	492	5np2	64	120	56
P00519	kd37	cre35	2	493	492	3eg0	64	119	55
P00519	kd37	cre35	2	493	492	3uyo	115	228	113
P00519	kd37	cre35	2	493	492	1ab2	120	220	100
P00519	kd37	cre35	2	493	492	3k2m	121	220	99
P00519	kd37	cre35	2	493	492	5dc4	121	220	99
P00519	kd37	cre35	2	493	492	5dc9	121	220	99
P00519	kd37	cre35	2	493	492	4xey	122	504	372
P00519	kd37	cre35	2	493	492	3t04	122	219	97
P00519	kd37	cre35	2	493	492	5dc0	122	219	97
P00519	kd37	cre35	2	493	492	2f4j	227	513	267
P00519	kd37	cre35	2	493	492	2hz0	228	497	266
P00519	kd37	cre35	2	493	492	6xr6	229	515	265
P00519	kd37	cre35	2	493	492	6xr7	229	515	265
P00519	kd37	cre35	2	493	492	6xrg	229	515	265
P00519	kd37	cre35	2	493	492	2g1t	229	507	265
P00519	kd37	cre35	2	493	492	2e2b	229	502	265
P00519	kd37	cre35	2	493	492	2g2i	229	502	265
P00519	kd37	cre35	2	493	492	2gqg	229	500	265
P00519	kd37	cre35	2	493	492	5hu9	229	499	265
P00519	kd37	cre35	2	493	492	3qri	229	498	265
P00519	kd37	cre35	2	493	492	3qrk	229	496	265
P00519	kd37	cre35	2	493	492	2hiw	230	499	264
P00519	kd37	cre35	2	493	492	6npe	232	511	262
P00519	kd37	cre35	2	493	492	3pyy	232	510	262
P00519	kd37	cre35	2	493	492	6npu	232	510	262
P00519	kd37	cre35	2	493	492	6npv	232	510	262
P00519	kd37	cre35	2	493	492	2g2f	232	506	262
P00519	kd37	cre35	2	493	492	7cc2	232	501	262
P00519	kd37	cre35	2	493	492	3cs9	232	500	262
P00519	kd37	cre35	2	493	492	7w7x	232	500	262
P00519	kd37	cre35	2	493	492	7w7y	232	500	262
P00519	kd37	cre35	2	493	492	2g2h	233	504	261
P00519	kd37	cre35	2	493	492	6bl8	233	504	261
P00519	kd37	cre35	2	493	492	2v7a	233	503	261
P00519	kd37	cre35	2	493	492	4twp	233	503	261
P00519	kd37	cre35	2	493	492	4zog	233	503	261
P00519	kd37	cre35	2	493	492	3ue4	233	502	261
P00519	kd37	cre35	2	493	492	4yc8	233	502	261
P00519	kd37	cre35	2	493	492	2hz4	233	500	261
P00519	kd37	cre35	2	493	492	2hzi	233	500	261
P00519	kd37	cre35	2	493	492	7dt2	233	500	261
P00519	kd37	cre35	2	493	492	7n9g	233	499	261
P00519	kd37	cre35	2	493	492	2hyy	233	498	261
P00519	kd37	cre35	2	493	492	3qrj	233	497	261
P00519	kd37	cre35	2	493	492	4wa9	246	508	248
P00519	kd37	cre36	61	493	433	6amv	6	236	176
P00519	kd37	cre36	61	493	433	6amw	6	236	176
P00519	kd37	cre36	61	493	433	2fo0	46	511	434
P00519	kd37	cre36	61	493	433	2abl	57	218	158
P00519	kd37	cre36	61	493	433	3eg2	60	121	61
P00519	kd37	cre36	61	493	433	3eg3	60	121	61
P00519	kd37	cre36	61	493	433	4j9f	60	121	61
P00519	kd37	cre36	61	493	433	4jjd	60	121	61
P00519	kd37	cre36	61	493	433	1opl	62	512	432
P00519	kd37	cre36	61	493	433	1ju5	62	121	59
P00519	kd37	cre36	61	493	433	4j9d	62	120	58
P00519	kd37	cre36	61	493	433	4j9h	62	120	58
P00519	kd37	cre36	61	493	433	5oaz	62	120	58
P00519	kd37	cre36	61	493	433	4j9b	63	120	57
P00519	kd37	cre36	61	493	433	4j9c	63	120	57
P00519	kd37	cre36	61	493	433	4j9g	63	120	57
P00519	kd37	cre36	61	493	433	7pvq	63	120	57
P00519	kd37	cre36	61	493	433	7pvr	63	120	57
P00519	kd37	cre36	61	493	433	7pvs	63	120	57
P00519	kd37	cre36	61	493	433	3egu	63	119	56
P00519	kd37	cre36	61	493	433	5mo4	64	512	430
P00519	kd37	cre36	61	493	433	1bbz	64	121	57
P00519	kd37	cre36	61	493	433	2o88	64	121	57
P00519	kd37	cre36	61	493	433	3eg1	64	121	57
P00519	kd37	cre36	61	493	433	4jjc	64	121	57
P00519	kd37	cre36	61	493	433	1awo	64	120	56
P00519	kd37	cre36	61	493	433	4j9e	64	120	56
P00519	kd37	cre36	61	493	433	4j9i	64	120	56
P00519	kd37	cre36	61	493	433	4jjb	64	120	56
P00519	kd37	cre36	61	493	433	5np2	64	120	56
P00519	kd37	cre36	61	493	433	3eg0	64	119	55
P00519	kd37	cre36	61	493	433	3uyo	115	228	113
P00519	kd37	cre36	61	493	433	1ab2	120	220	100
P00519	kd37	cre36	61	493	433	3k2m	121	220	99
P00519	kd37	cre36	61	493	433	5dc4	121	220	99
P00519	kd37	cre36	61	493	433	5dc9	121	220	99
P00519	kd37	cre36	61	493	433	4xey	122	504	372
P00519	kd37	cre36	61	493	433	3t04	122	219	97
P00519	kd37	cre36	61	493	433	5dc0	122	219	97
P00519	kd37	cre36	61	493	433	2f4j	227	513	267
P00519	kd37	cre36	61	493	433	2hz0	228	497	266
P00519	kd37	cre36	61	493	433	6xr6	229	515	265
P00519	kd37	cre36	61	493	433	6xr7	229	515	265
P00519	kd37	cre36	61	493	433	6xrg	229	515	265
P00519	kd37	cre36	61	493	433	2g1t	229	507	265
P00519	kd37	cre36	61	493	433	2e2b	229	502	265
P00519	kd37	cre36	61	493	433	2g2i	229	502	265
P00519	kd37	cre36	61	493	433	2gqg	229	500	265
P00519	kd37	cre36	61	493	433	5hu9	229	499	265
P00519	kd37	cre36	61	493	433	3qri	229	498	265
P00519	kd37	cre36	61	493	433	3qrk	229	496	265
P00519	kd37	cre36	61	493	433	2hiw	230	499	264
P00519	kd37	cre36	61	493	433	6npe	232	511	262
P00519	kd37	cre36	61	493	433	3pyy	232	510	262
P00519	kd37	cre36	61	493	433	6npu	232	510	262
P00519	kd37	cre36	61	493	433	6npv	232	510	262
P00519	kd37	cre36	61	493	433	2g2f	232	506	262
P00519	kd37	cre36	61	493	433	7cc2	232	501	262
P00519	kd37	cre36	61	493	433	3cs9	232	500	262
P00519	kd37	cre36	61	493	433	7w7x	232	500	262
P00519	kd37	cre36	61	493	433	7w7y	232	500	262
P00519	kd37	cre36	61	493	433	2g2h	233	504	261
P00519	kd37	cre36	61	493	433	6bl8	233	504	261
P00519	kd37	cre36	61	493	433	2v7a	233	503	261
P00519	kd37	cre36	61	493	433	4twp	233	503	261
P00519	kd37	cre36	61	493	433	4zog	233	503	261
P00519	kd37	cre36	61	493	433	3ue4	233	502	261
P00519	kd37	cre36	61	493	433	4yc8	233	502	261
P00519	kd37	cre36	61	493	433	2hz4	233	500	261
P00519	kd37	cre36	61	493	433	2hzi	233	500	261
P00519	kd37	cre36	61	493	433	7dt2	233	500	261
P00519	kd37	cre36	61	493	433	7n9g	233	499	261
P00519	kd37	cre36	61	493	433	2hyy	233	498	261
P00519	kd37	cre36	61	493	433	3qrj	233	497	261
P00519	kd37	cre36	61	493	433	4wa9	246	508	248
P00523	kd38	cre37	88	520	433	7a3c	81	141	54
P00523	kd38	cre37	88	520	433	7ner	81	140	53
P00523	kd38	cre37	88	520	433	6xvm	82	141	54
P00523	kd38	cre37	88	520	433	6xvn	82	141	54
P00523	kd38	cre37	88	520	433	7a35	82	141	54
P00523	kd38	cre37	88	520	433	7a36	82	141	54
P00523	kd38	cre37	88	520	433	7a37	82	141	54
P00523	kd38	cre37	88	520	433	7a38	82	141	54
P00523	kd38	cre37	88	520	433	7a31	82	140	53
P00523	kd38	cre37	88	520	433	7a32	82	140	53
P00523	kd38	cre37	88	520	433	7a33	82	140	53
P00523	kd38	cre37	88	520	433	7a39	82	140	53
P00523	kd38	cre37	88	520	433	2ptk	83	528	434
P00523	kd38	cre37	88	520	433	7nes	83	140	53
P00523	kd38	cre37	88	520	433	6xvo	84	140	53
P00523	kd38	cre37	88	520	433	7a30	84	140	53
P00523	kd38	cre37	88	520	433	7a3a	84	140	53
P00523	kd38	cre37	88	520	433	7a3b	84	140	53
P00523	kd38	cre37	88	520	433	7a3d	84	140	53
P00523	kd38	cre37	88	520	433	7a3e	84	140	53
P00523	kd38	cre37	88	520	433	7net	84	140	53
P00523	kd38	cre37	88	520	433	4hvu	85	141	54
P00523	kd38	cre37	88	520	433	4hvw	85	141	54
P00523	kd38	cre37	88	520	433	4le9	85	141	54
P00523	kd38	cre37	88	520	433	4omo	85	141	54
P00523	kd38	cre37	88	520	433	4qt7	85	141	54
P00523	kd38	cre37	88	520	433	4rtw	85	141	54
P00523	kd38	cre37	88	520	433	4rtx	85	141	54
P00523	kd38	cre37	88	520	433	4rty	85	141	54
P00523	kd38	cre37	88	520	433	4rtz	85	141	54
P00523	kd38	cre37	88	520	433	5eca	85	141	54
P00523	kd38	cre37	88	520	433	5oav	85	141	54
P00523	kd38	cre37	88	520	433	5ob0	85	141	54
P00523	kd38	cre37	88	520	433	5ob1	85	141	54
P00523	kd38	cre37	88	520	433	6xx2	85	141	54
P00523	kd38	cre37	88	520	433	6xx5	85	141	54
P00523	kd38	cre37	88	520	433	1nlo	85	140	53
P00523	kd38	cre37	88	520	433	1nlp	85	140	53
P00523	kd38	cre37	88	520	433	1prl	85	140	53
P00523	kd38	cre37	88	520	433	1prm	85	140	53
P00523	kd38	cre37	88	520	433	1rlp	85	140	53
P00523	kd38	cre37	88	520	433	1rlq	85	140	53
P00523	kd38	cre37	88	520	433	1srl	85	140	53
P00523	kd38	cre37	88	520	433	1srm	85	140	53
P00523	kd38	cre37	88	520	433	3fj5	85	140	53
P00523	kd38	cre37	88	520	433	4hvv	85	140	53
P00523	kd38	cre37	88	520	433	4jz3	85	140	53
P00523	kd38	cre37	88	520	433	4jz4	85	140	53
P00523	kd38	cre37	88	520	433	4oml	85	140	53
P00523	kd38	cre37	88	520	433	4omm	85	140	53
P00523	kd38	cre37	88	520	433	4omn	85	140	53
P00523	kd38	cre37	88	520	433	4omq	85	140	53
P00523	kd38	cre37	88	520	433	4rtu	85	140	53
P00523	kd38	cre37	88	520	433	4rtv	85	140	53
P00523	kd38	cre37	88	520	433	5ec7	85	140	53
P00523	kd38	cre37	88	520	433	5i11	85	140	53
P00523	kd38	cre37	88	520	433	5ob2	85	140	53
P00523	kd38	cre37	88	520	433	6xx3	85	140	53
P00523	kd38	cre37	88	520	433	6xx4	85	140	53
P00523	kd38	cre37	88	520	433	7pvy	85	140	53
P00523	kd38	cre37	88	520	433	4omp	85	139	52
P00523	kd38	cre37	88	520	433	7a34	85	139	52
P00523	kd38	cre37	88	520	433	1f1w	144	247	103
P00523	kd38	cre37	88	520	433	1f2f	144	247	103
P00523	kd38	cre37	88	520	433	1p13	145	246	101
P00523	kd38	cre37	88	520	433	3geq	251	533	270
P00523	kd38	cre37	88	520	433	7wf5	254	533	267
P00523	kd38	cre37	88	520	433	2hwo	255	533	266
P00523	kd38	cre37	88	520	433	3dqw	255	533	266
P00523	kd38	cre37	88	520	433	3f6x	255	533	266
P00523	kd38	cre37	88	520	433	4fic	255	533	266
P00523	kd38	cre37	88	520	433	5swh	255	533	266
P00523	kd38	cre37	88	520	433	2hwp	256	533	265
P00523	kd38	cre37	88	520	433	2oiq	256	533	265
P00523	kd38	cre37	88	520	433	2qlq	256	533	265
P00523	kd38	cre37	88	520	433	3el8	256	533	265
P00523	kd38	cre37	88	520	433	3en5	256	533	265
P00523	kd38	cre37	88	520	433	3en7	256	533	265
P00523	kd38	cre37	88	520	433	3f3t	256	533	265
P00523	kd38	cre37	88	520	433	3f3v	256	533	265
P00523	kd38	cre37	88	520	433	3g6g	256	533	265
P00523	kd38	cre37	88	520	433	3oez	256	533	265
P00523	kd38	cre37	88	520	433	3qlg	256	533	265
P00523	kd38	cre37	88	520	433	3svv	256	533	265
P00523	kd38	cre37	88	520	433	3tz8	256	533	265
P00523	kd38	cre37	88	520	433	3uqf	256	533	265
P00523	kd38	cre37	88	520	433	3uqg	256	533	265
P00523	kd38	cre37	88	520	433	4dgg	256	533	265
P00523	kd38	cre37	88	520	433	4mcv	256	533	265
P00523	kd38	cre37	88	520	433	4o2p	256	533	265
P00523	kd38	cre37	88	520	433	4ybk	256	533	265
P00523	kd38	cre37	88	520	433	5j5s	256	533	265
P00523	kd38	cre37	88	520	433	5teh	256	533	265
P00523	kd38	cre37	88	520	433	5xp7	256	533	265
P00523	kd38	cre37	88	520	433	6hve	256	533	265
P00523	kd38	cre37	88	520	433	7ah3	256	533	265
P00523	kd38	cre37	88	520	433	2qi8	257	533	264
P00523	kd38	cre37	88	520	433	2qq7	257	533	264
P00523	kd38	cre37	88	520	433	3el7	257	533	264
P00523	kd38	cre37	88	520	433	3en4	257	533	264
P00523	kd38	cre37	88	520	433	3en6	257	533	264
P00523	kd38	cre37	88	520	433	3f3u	257	533	264
P00523	kd38	cre37	88	520	433	3f3w	257	533	264
P00523	kd38	cre37	88	520	433	3g5d	257	533	264
P00523	kd38	cre37	88	520	433	3lok	257	533	264
P00523	kd38	cre37	88	520	433	3of0	257	533	264
P00523	kd38	cre37	88	520	433	3tz7	257	533	264
P00523	kd38	cre37	88	520	433	3tz9	257	533	264
P00523	kd38	cre37	88	520	433	4agw	257	533	264
P00523	kd38	cre37	88	520	433	4lgh	257	533	264
P00523	kd38	cre37	88	520	433	5d10	257	533	264
P00523	kd38	cre37	88	520	433	5d11	257	533	264
P00523	kd38	cre37	88	520	433	5d12	257	533	264
P00523	kd38	cre37	88	520	433	5t0p	257	533	264
P00523	kd38	cre37	88	520	433	6hvf	257	533	264
P00523	kd38	cre37	88	520	433	7d57	257	533	264
P00523	kd38	cre37	88	520	433	7d5o	257	533	264
P00523	kd38	cre37	88	520	433	3d7t	258	533	263
P00523	kd38	cre37	88	520	433	3g6h	258	533	263
P00523	kd38	cre37	88	520	433	3qlf	258	533	263
P00523	kd38	cre37	88	520	433	5sys	258	533	263
P00523	kd38	cre37	88	520	433	3dqx	259	533	262
P00523	kd38	cre37	88	520	433	3u4w	259	533	262
P00523	kd38	cre37	88	520	433	4u5j	259	533	262
P00523	kd38	cre37	88	520	433	4ybj	259	533	262
P00523	kd38	cre37	88	520	433	5bmm	259	533	262
P00523	kd38	cre37	88	520	433	5k9i	259	533	262
P00523	kd38	cre37	88	520	433	5xp5	259	533	262
P00523	kd38	cre37	88	520	433	6wiw	259	533	262
P00523	kd38	cre37	88	520	433	3d7u	260	523	261
P00523	kd38	cre37	88	520	433	3u51	261	533	260
P00523	kd38	cre37	88	520	433	6l8l	261	533	260
P00523	kd38	cre37	88	520	433	4lgg	264	533	257
P00523	kd38	cre38	267	533	267	2ptk	83	528	262
P00523	kd38	cre38	267	533	267	3geq	251	533	267
P00523	kd38	cre38	267	533	267	7wf5	254	533	267
P00523	kd38	cre38	267	533	267	2hwo	255	533	267
P00523	kd38	cre38	267	533	267	3dqw	255	533	267
P00523	kd38	cre38	267	533	267	3f6x	255	533	267
P00523	kd38	cre38	267	533	267	4fic	255	533	267
P00523	kd38	cre38	267	533	267	5swh	255	533	267
P00523	kd38	cre38	267	533	267	2hwp	256	533	267
P00523	kd38	cre38	267	533	267	2oiq	256	533	267
P00523	kd38	cre38	267	533	267	2qlq	256	533	267
P00523	kd38	cre38	267	533	267	3el8	256	533	267
P00523	kd38	cre38	267	533	267	3en5	256	533	267
P00523	kd38	cre38	267	533	267	3en7	256	533	267
P00523	kd38	cre38	267	533	267	3f3t	256	533	267
P00523	kd38	cre38	267	533	267	3f3v	256	533	267
P00523	kd38	cre38	267	533	267	3g6g	256	533	267
P00523	kd38	cre38	267	533	267	3oez	256	533	267
P00523	kd38	cre38	267	533	267	3qlg	256	533	267
P00523	kd38	cre38	267	533	267	3svv	256	533	267
P00523	kd38	cre38	267	533	267	3tz8	256	533	267
P00523	kd38	cre38	267	533	267	3uqf	256	533	267
P00523	kd38	cre38	267	533	267	3uqg	256	533	267
P00523	kd38	cre38	267	533	267	4dgg	256	533	267
P00523	kd38	cre38	267	533	267	4mcv	256	533	267
P00523	kd38	cre38	267	533	267	4o2p	256	533	267
P00523	kd38	cre38	267	533	267	4ybk	256	533	267
P00523	kd38	cre38	267	533	267	5j5s	256	533	267
P00523	kd38	cre38	267	533	267	5teh	256	533	267
P00523	kd38	cre38	267	533	267	5xp7	256	533	267
P00523	kd38	cre38	267	533	267	6hve	256	533	267
P00523	kd38	cre38	267	533	267	7ah3	256	533	267
P00523	kd38	cre38	267	533	267	2qi8	257	533	267
P00523	kd38	cre38	267	533	267	2qq7	257	533	267
P00523	kd38	cre38	267	533	267	3el7	257	533	267
P00523	kd38	cre38	267	533	267	3en4	257	533	267
P00523	kd38	cre38	267	533	267	3en6	257	533	267
P00523	kd38	cre38	267	533	267	3f3u	257	533	267
P00523	kd38	cre38	267	533	267	3f3w	257	533	267
P00523	kd38	cre38	267	533	267	3g5d	257	533	267
P00523	kd38	cre38	267	533	267	3lok	257	533	267
P00523	kd38	cre38	267	533	267	3of0	257	533	267
P00523	kd38	cre38	267	533	267	3tz7	257	533	267
P00523	kd38	cre38	267	533	267	3tz9	257	533	267
P00523	kd38	cre38	267	533	267	4agw	257	533	267
P00523	kd38	cre38	267	533	267	4lgh	257	533	267
P00523	kd38	cre38	267	533	267	5d10	257	533	267
P00523	kd38	cre38	267	533	267	5d11	257	533	267
P00523	kd38	cre38	267	533	267	5d12	257	533	267
P00523	kd38	cre38	267	533	267	5t0p	257	533	267
P00523	kd38	cre38	267	533	267	6hvf	257	533	267
P00523	kd38	cre38	267	533	267	7d57	257	533	267
P00523	kd38	cre38	267	533	267	7d5o	257	533	267
P00523	kd38	cre38	267	533	267	3d7t	258	533	267
P00523	kd38	cre38	267	533	267	3g6h	258	533	267
P00523	kd38	cre38	267	533	267	3qlf	258	533	267
P00523	kd38	cre38	267	533	267	5sys	258	533	267
P00523	kd38	cre38	267	533	267	3dqx	259	533	267
P00523	kd38	cre38	267	533	267	3u4w	259	533	267
P00523	kd38	cre38	267	533	267	4u5j	259	533	267
P00523	kd38	cre38	267	533	267	4ybj	259	533	267
P00523	kd38	cre38	267	533	267	5bmm	259	533	267
P00523	kd38	cre38	267	533	267	5k9i	259	533	267
P00523	kd38	cre38	267	533	267	5xp5	259	533	267
P00523	kd38	cre38	267	533	267	6wiw	259	533	267
P00523	kd38	cre38	267	533	267	3d7u	260	523	257
P00523	kd38	cre38	267	533	267	3u51	261	533	267
P00523	kd38	cre38	267	533	267	6l8l	261	533	267
P00523	kd38	cre38	267	533	267	4lgg	264	533	267
P00533	kd39	cre39	712	998	287	1z9i	669	721	10
P00533	kd39	cre39	712	998	287	3gop	676	1018	288
P00533	kd39	cre39	712	998	287	4riw	688	984	273
P00533	kd39	cre39	712	998	287	4rix	688	984	273
P00533	kd39	cre39	712	998	287	4riy	688	984	273
P00533	kd39	cre39	712	998	287	4wd5	694	1021	288
P00533	kd39	cre39	712	998	287	4lrm	694	999	288
P00533	kd39	cre39	712	998	287	4i23	695	1018	288
P00533	kd39	cre39	712	998	287	5ugb	695	1018	288
P00533	kd39	cre39	712	998	287	7aem	695	1018	288
P00533	kd39	cre39	712	998	287	2jiu	695	1016	288
P00533	kd39	cre39	712	998	287	1m14	696	1020	288
P00533	kd39	cre39	712	998	287	2j5e	696	1020	288
P00533	kd39	cre39	712	998	287	2j5f	696	1020	288
P00533	kd39	cre39	712	998	287	3ika	696	1020	288
P00533	kd39	cre39	712	998	287	4li5	696	1020	288
P00533	kd39	cre39	712	998	287	4wkq	696	1020	288
P00533	kd39	cre39	712	998	287	5j9z	696	1020	288
P00533	kd39	cre39	712	998	287	5x2k	696	1020	288
P00533	kd39	cre39	712	998	287	6jwl	696	1020	288
P00533	kd39	cre39	712	998	287	1m17	696	1019	288
P00533	kd39	cre39	712	998	287	2eb2	696	1019	288
P00533	kd39	cre39	712	998	287	2gs6	696	1019	288
P00533	kd39	cre39	712	998	287	2itn	696	1019	288
P00533	kd39	cre39	712	998	287	2ito	696	1019	288
P00533	kd39	cre39	712	998	287	2itu	696	1019	288
P00533	kd39	cre39	712	998	287	2itv	696	1019	288
P00533	kd39	cre39	712	998	287	4jq7	696	1019	288
P00533	kd39	cre39	712	998	287	4jq8	696	1019	288
P00533	kd39	cre39	712	998	287	4jr3	696	1019	288
P00533	kd39	cre39	712	998	287	4jrv	696	1019	288
P00533	kd39	cre39	712	998	287	4wrg	696	1019	288
P00533	kd39	cre39	712	998	287	5c8n	696	1019	288
P00533	kd39	cre39	712	998	287	5can	696	1019	288
P00533	kd39	cre39	712	998	287	5cas	696	1019	288
P00533	kd39	cre39	712	998	287	5em7	696	1019	288
P00533	kd39	cre39	712	998	287	5gmp	696	1019	288
P00533	kd39	cre39	712	998	287	5hcy	696	1019	288
P00533	kd39	cre39	712	998	287	5hcz	696	1019	288
P00533	kd39	cre39	712	998	287	5xgm	696	1019	288
P00533	kd39	cre39	712	998	287	6d8e	696	1019	288
P00533	kd39	cre39	712	998	287	6jz0	696	1019	288
P00533	kd39	cre39	712	998	287	6s9c	696	1019	288
P00533	kd39	cre39	712	998	287	6vh4	696	1019	288
P00533	kd39	cre39	712	998	287	6vhn	696	1019	288
P00533	kd39	cre39	712	998	287	6vhp	696	1019	288
P00533	kd39	cre39	712	998	287	7oxb	696	1019	288
P00533	kd39	cre39	712	998	287	2eb3	696	1018	288
P00533	kd39	cre39	712	998	287	2gs2	696	1018	288
P00533	kd39	cre39	712	998	287	2itw	696	1018	288
P00533	kd39	cre39	712	998	287	2jit	696	1018	288
P00533	kd39	cre39	712	998	287	3vjo	696	1018	288
P00533	kd39	cre39	712	998	287	4g5p	696	1018	288
P00533	kd39	cre39	712	998	287	4r3p	696	1018	288
P00533	kd39	cre39	712	998	287	4r3r	696	1018	288
P00533	kd39	cre39	712	998	287	5cau	696	1018	288
P00533	kd39	cre39	712	998	287	5czh	696	1018	288
P00533	kd39	cre39	712	998	287	5czi	696	1018	288
P00533	kd39	cre39	712	998	287	5em8	696	1018	288
P00533	kd39	cre39	712	998	287	5hcx	696	1018	288
P00533	kd39	cre39	712	998	287	5hib	696	1018	288
P00533	kd39	cre39	712	998	287	5xdk	696	1018	288
P00533	kd39	cre39	712	998	287	5xdl	696	1018	288
P00533	kd39	cre39	712	998	287	6jrj	696	1018	288
P00533	kd39	cre39	712	998	287	6jrk	696	1018	288
P00533	kd39	cre39	712	998	287	6jx4	696	1018	288
P00533	kd39	cre39	712	998	287	6lub	696	1018	288
P00533	kd39	cre39	712	998	287	6lud	696	1018	288
P00533	kd39	cre39	712	998	287	7vra	696	1018	288
P00533	kd39	cre39	712	998	287	7vre	696	1018	288
P00533	kd39	cre39	712	998	287	6jrx	696	1017	288
P00533	kd39	cre39	712	998	287	6s9d	696	1017	288
P00533	kd39	cre39	712	998	287	7kxz	696	1017	288
P00533	kd39	cre39	712	998	287	4g5j	696	1016	288
P00533	kd39	cre39	712	998	287	5yu9	697	1021	288
P00533	kd39	cre39	712	998	287	2itz	697	1020	288
P00533	kd39	cre39	712	998	287	2j6m	697	1020	288
P00533	kd39	cre39	712	998	287	5cav	697	1020	288
P00533	kd39	cre39	712	998	287	5gtz	697	1020	288
P00533	kd39	cre39	712	998	287	5x26	697	1020	288
P00533	kd39	cre39	712	998	287	5x27	697	1020	288
P00533	kd39	cre39	712	998	287	5x28	697	1020	288
P00533	kd39	cre39	712	998	287	5xgn	697	1020	288
P00533	kd39	cre39	712	998	287	5y9t	697	1020	288
P00533	kd39	cre39	712	998	287	7b85	697	1020	288
P00533	kd39	cre39	712	998	287	2itt	697	1019	288
P00533	kd39	cre39	712	998	287	2itx	697	1019	288
P00533	kd39	cre39	712	998	287	2ity	697	1019	288
P00533	kd39	cre39	712	998	287	4lqm	697	1019	288
P00533	kd39	cre39	712	998	287	4rj5	697	1019	288
P00533	kd39	cre39	712	998	287	4tks	697	1019	288
P00533	kd39	cre39	712	998	287	5c8m	697	1019	288
P00533	kd39	cre39	712	998	287	5cao	697	1019	288
P00533	kd39	cre39	712	998	287	5cap	697	1019	288
P00533	kd39	cre39	712	998	287	5em5	697	1019	288
P00533	kd39	cre39	712	998	287	5em6	697	1019	288
P00533	kd39	cre39	712	998	287	5hic	697	1019	288
P00533	kd39	cre39	712	998	287	5j9y	697	1019	288
P00533	kd39	cre39	712	998	287	6s9b	697	1019	288
P00533	kd39	cre39	712	998	287	2itp	697	1018	288
P00533	kd39	cre39	712	998	287	2itq	697	1018	288
P00533	kd39	cre39	712	998	287	3ug1	697	1018	288
P00533	kd39	cre39	712	998	287	3ug2	697	1018	288
P00533	kd39	cre39	712	998	287	3vjn	697	1018	288
P00533	kd39	cre39	712	998	287	4r5s	697	1018	288
P00533	kd39	cre39	712	998	287	4rj4	697	1018	288
P00533	kd39	cre39	712	998	287	4rj6	697	1018	288
P00533	kd39	cre39	712	998	287	4rj7	697	1018	288
P00533	kd39	cre39	712	998	287	4rj8	697	1018	288
P00533	kd39	cre39	712	998	287	5c8k	697	1018	288
P00533	kd39	cre39	712	998	287	5cal	697	1018	288
P00533	kd39	cre39	712	998	287	5caq	697	1018	288
P00533	kd39	cre39	712	998	287	5edp	697	1018	288
P00533	kd39	cre39	712	998	287	5edq	697	1018	288
P00533	kd39	cre39	712	998	287	5edr	697	1018	288
P00533	kd39	cre39	712	998	287	5fee	697	1018	288
P00533	kd39	cre39	712	998	287	6s8a	697	1018	288
P00533	kd39	cre39	712	998	287	7aei	697	1018	288
P00533	kd39	cre39	712	998	287	7er2	697	1018	288
P00533	kd39	cre39	712	998	287	4ll0	697	1017	288
P00533	kd39	cre39	712	998	287	5fed	697	1017	288
P00533	kd39	cre39	712	998	287	5feq	697	1017	288
P00533	kd39	cre39	712	998	287	5zto	697	1017	288
P00533	kd39	cre39	712	998	287	6s89	697	1017	288
P00533	kd39	cre39	712	998	287	5x2f	697	1014	288
P00533	kd39	cre39	712	998	287	5gnk	697	985	274
P00533	kd39	cre39	712	998	287	6jxt	697	984	273
P00533	kd39	cre39	712	998	287	4zse	698	1022	288
P00533	kd39	cre39	712	998	287	5cno	698	1022	288
P00533	kd39	cre39	712	998	287	6p8q	698	1019	288
P00533	kd39	cre39	712	998	287	3w2p	698	1018	288
P00533	kd39	cre39	712	998	287	3w2o	698	1017	288
P00533	kd39	cre39	712	998	287	3w2q	698	1017	288
P00533	kd39	cre39	712	998	287	3w2r	698	1017	288
P00533	kd39	cre39	712	998	287	4zau	698	1017	288
P00533	kd39	cre39	712	998	287	5y25	698	1017	288
P00533	kd39	cre39	712	998	287	5d41	698	1014	288
P00533	kd39	cre39	712	998	287	6duk	698	1009	288
P00533	kd39	cre39	712	998	287	7tvd	698	1009	288
P00533	kd39	cre39	712	998	287	6tfv	698	985	274
P00533	kd39	cre39	712	998	287	6tg0	698	985	274
P00533	kd39	cre39	712	998	287	6tg1	698	984	273
P00533	kd39	cre39	712	998	287	6wxn	699	1021	288
P00533	kd39	cre39	712	998	287	5gty	699	1016	288
P00533	kd39	cre39	712	998	287	3gt8	699	1014	288
P00533	kd39	cre39	712	998	287	5cnn	699	1014	288
P00533	kd39	cre39	712	998	287	6wa2	699	1014	288
P00533	kd39	cre39	712	998	287	5jeb	699	999	288
P00533	kd39	cre39	712	998	287	2rf9	699	985	274
P00533	kd39	cre39	712	998	287	2jiv	699	984	273
P00533	kd39	cre39	712	998	287	6tfy	699	984	273
P00533	kd39	cre39	712	998	287	6z4b	699	984	273
P00533	kd39	cre39	712	998	287	7a2a	699	984	273
P00533	kd39	cre39	712	998	287	7a6j	699	984	273
P00533	kd39	cre39	712	998	287	5x2a	700	1022	288
P00533	kd39	cre39	712	998	287	6p1d	700	1021	288
P00533	kd39	cre39	712	998	287	5x2c	700	1015	288
P00533	kd39	cre39	712	998	287	4i22	700	1014	288
P00533	kd39	cre39	712	998	287	4i24	700	1014	288
P00533	kd39	cre39	712	998	287	6v5n	700	1014	288
P00533	kd39	cre39	712	998	287	6v6k	700	1014	288
P00533	kd39	cre39	712	998	287	6v6o	700	1014	288
P00533	kd39	cre39	712	998	287	6xl4	700	1013	288
P00533	kd39	cre39	712	998	287	7jxl	700	1013	288
P00533	kd39	cre39	712	998	287	7jxm	700	1012	288
P00533	kd39	cre39	712	998	287	7jxi	700	1007	288
P00533	kd39	cre39	712	998	287	7jxk	700	1007	288
P00533	kd39	cre39	712	998	287	7jxp	700	1007	288
P00533	kd39	cre39	712	998	287	7jxq	700	1007	288
P00533	kd39	cre39	712	998	287	7jxw	700	1007	288
P00533	kd39	cre39	712	998	287	7k1i	700	1007	288
P00533	kd39	cre39	712	998	287	7ky0	700	1007	288
P00533	kd39	cre39	712	998	287	7ltx	700	1007	288
P00533	kd39	cre39	712	998	287	5hg5	700	1001	288
P00533	kd39	cre39	712	998	287	5hg8	700	999	288
P00533	kd39	cre39	712	998	287	6tfu	700	984	273
P00533	kd39	cre39	712	998	287	6tfw	700	984	273
P00533	kd39	cre39	712	998	287	6tfz	700	984	273
P00533	kd39	cre39	712	998	287	6z4d	700	984	273
P00533	kd39	cre39	712	998	287	7a6k	700	984	273
P00533	kd39	cre39	712	998	287	6wak	701	1020	288
P00533	kd39	cre39	712	998	287	3w2s	701	1019	288
P00533	kd39	cre39	712	998	287	3w33	701	1018	288
P00533	kd39	cre39	712	998	287	3poz	701	1017	288
P00533	kd39	cre39	712	998	287	3w32	701	1017	288
P00533	kd39	cre39	712	998	287	2gs7	701	1016	288
P00533	kd39	cre39	712	998	287	6p1l	701	1015	288
P00533	kd39	cre39	712	998	287	6v5p	701	1014	288
P00533	kd39	cre39	712	998	287	6v66	701	1014	288
P00533	kd39	cre39	712	998	287	7k1h	701	1008	288
P00533	kd39	cre39	712	998	287	6jx0	701	989	278
P00533	kd39	cre39	712	998	287	4i1z	701	987	276
P00533	kd39	cre39	712	998	287	4i20	701	987	276
P00533	kd39	cre39	712	998	287	7lgs	701	984	273
P00533	kd39	cre39	712	998	287	1xkk	702	1018	288
P00533	kd39	cre39	712	998	287	2rfe	702	1018	288
P00533	kd39	cre39	712	998	287	2rgp	702	1016	288
P00533	kd39	cre39	712	998	287	3bel	702	1015	288
P00533	kd39	cre39	712	998	287	8d76	702	1014	288
P00533	kd39	cre39	712	998	287	7lg8	702	1006	288
P00533	kd39	cre39	712	998	287	5u8l	702	990	279
P00533	kd39	cre39	712	998	287	5hg9	702	985	274
P00533	kd39	cre39	712	998	287	5ug8	702	985	274
P00533	kd39	cre39	712	998	287	5ug9	702	985	274
P00533	kd39	cre39	712	998	287	5ugc	702	985	274
P00533	kd39	cre39	712	998	287	5zwj	702	985	274
P00533	kd39	cre39	712	998	287	5hg7	702	984	273
P00533	kd39	cre39	712	998	287	5uwd	702	984	273
P00533	kd39	cre39	712	998	287	4i21	703	1020	288
P00533	kd39	cre39	712	998	287	2rfd	703	1018	288
P00533	kd39	cre39	712	998	287	8d73	703	1012	288
P00533	kd39	cre39	712	998	287	4zjv	703	985	274
P00533	kd39	cre39	712	998	287	5uga	703	985	274
P00533	kd39	cre39	712	998	287	4hjo	703	984	273
P00533	kd39	cre39	712	998	287	7a6i	703	984	273
P00533	kd39	cre39	712	998	287	3lzb	703	983	272
P04049	kd40	cre40	334	609	276	3omv	340	615	270
P04049	kd40	cre40	334	609	276	7z37	406	615	204
P04049	kd40	cre40	334	609	276	7z38	406	615	204
P04629	kd41	cre41	287	781	495	2ifg	36	382	96
P04629	kd41	cre41	287	781	495	7n3t	36	382	96
P04629	kd41	cre41	287	781	495	1wwa	278	386	100
P04629	kd41	cre41	287	781	495	4crp	282	383	97
P04629	kd41	cre41	287	781	495	1www	282	382	96
P04629	kd41	cre41	287	781	495	1he7	285	389	103
P04629	kd41	cre41	287	781	495	2n90	410	447	37
P04629	kd41	cre41	287	781	495	5kml	474	796	308
P04629	kd41	cre41	287	781	495	5kmn	474	796	308
P04629	kd41	cre41	287	781	495	6d1y	481	796	301
P04629	kd41	cre41	287	781	495	6d20	482	796	300
P04629	kd41	cre41	287	781	495	6d1z	483	796	299
P04629	kd41	cre41	287	781	495	5h3q	484	796	298
P04629	kd41	cre41	287	781	495	5kmk	484	796	298
P04629	kd41	cre41	287	781	495	5kmm	484	796	298
P04629	kd41	cre41	287	781	495	6nss	485	795	297
P04629	kd41	cre41	287	781	495	6pl4	485	795	297
P04629	kd41	cre41	287	781	495	5kmi	486	796	296
P04629	kd41	cre41	287	781	495	5kmj	486	795	296
P04629	kd41	cre41	287	781	495	5wr7	489	792	293
P04629	kd41	cre41	287	781	495	1shc	489	500	11
P04629	kd41	cre41	287	781	495	6npt	491	795	291
P04629	kd41	cre41	287	781	495	7xaf	498	796	284
P04629	kd41	cre41	287	781	495	4gt5	498	793	284
P04629	kd41	cre41	287	781	495	6pl2	499	795	283
P04629	kd41	cre41	287	781	495	6pme	499	791	283
P04629	kd41	cre41	287	781	495	5kmo	500	796	282
P04629	kd41	cre41	287	781	495	6dkg	500	796	282
P04629	kd41	cre41	287	781	495	6dki	500	796	282
P04629	kd41	cre41	287	781	495	6nsp	500	795	282
P04629	kd41	cre41	287	781	495	6pl1	500	795	282
P04629	kd41	cre41	287	781	495	6pl3	500	795	282
P04629	kd41	cre41	287	781	495	6pma	500	795	282
P04629	kd41	cre41	287	781	495	6pmb	500	795	282
P04629	kd41	cre41	287	781	495	6pmc	500	795	282
P04629	kd41	cre41	287	781	495	4aoj	500	791	282
P04629	kd41	cre41	287	781	495	6dkb	501	796	281
P04629	kd41	cre41	287	781	495	4f0i	501	794	281
P04629	kd41	cre41	287	781	495	4pmm	501	787	281
P04629	kd41	cre41	287	781	495	4pmp	501	787	281
P04629	kd41	cre41	287	781	495	4pms	501	787	281
P04629	kd41	cre41	287	781	495	4pmt	501	787	281
P04629	kd41	cre41	287	781	495	5i8a	501	787	281
P04629	kd41	cre41	287	781	495	5kvt	501	787	281
P04629	kd41	cre41	287	781	495	7vkm	502	795	280
P04629	kd41	cre41	287	781	495	6d22	502	794	280
P04629	kd41	cre41	287	781	495	7vkn	502	794	280
P04629	kd41	cre41	287	781	495	4yne	502	793	280
P04629	kd41	cre41	287	781	495	5jfs	502	793	280
P04629	kd41	cre41	287	781	495	5jfv	502	793	280
P04629	kd41	cre41	287	781	495	5jfw	502	793	280
P04629	kd41	cre41	287	781	495	5jfx	502	793	280
P04629	kd41	cre41	287	781	495	6dkw	502	793	280
P04629	kd41	cre41	287	781	495	7vko	502	793	280
P04629	kd41	cre41	287	781	495	4yps	502	790	280
P04629	kd41	cre41	287	781	495	6iqn	502	790	280
P04629	kd41	cre41	287	781	495	6j5l	502	790	280
P05129	kd42	cre42	18	614	597	2e73	36	105	69
P05129	kd42	cre42	18	614	597	2uzp	154	293	139
P05771	kd43	cre43	19	600	582	2i0e	339	668	262
P06213	kd44	cre44	953	1298	346	6sof	28	956	4
P06213	kd44	cre44	953	1298	346	7qid	28	956	4
P06213	kd44	cre44	953	1298	346	2mfr	940	988	36
P06213	kd44	cre44	953	1298	346	5u1m	991	999	8
P06213	kd44	cre44	953	1298	346	4xlv	1001	1310	298
P06213	kd44	cre44	953	1298	346	1p14	1005	1310	294
P06213	kd44	cre44	953	1298	346	5hhw	1005	1310	294
P06213	kd44	cre44	953	1298	346	3ekk	1007	1309	292
P06213	kd44	cre44	953	1298	346	1gag	1008	1310	291
P06213	kd44	cre44	953	1298	346	1ir3	1008	1310	291
P06213	kd44	cre44	953	1298	346	1irk	1008	1310	291
P06213	kd44	cre44	953	1298	346	4ibm	1009	1310	290
P06213	kd44	cre44	953	1298	346	5e1s	1010	1310	289
P06213	kd44	cre44	953	1298	346	2auh	1011	1310	288
P06213	kd44	cre44	953	1298	346	2z8c	1011	1310	288
P06213	kd44	cre44	953	1298	346	3ekn	1011	1310	288
P06213	kd44	cre44	953	1298	346	1i44	1013	1310	286
P06213	kd44	cre44	953	1298	346	1rqq	1014	1310	285
P06213	kd44	cre44	953	1298	346	2b4s	1014	1310	285
P06213	kd44	cre44	953	1298	346	3bu3	1014	1310	285
P06213	kd44	cre44	953	1298	346	3bu5	1014	1310	285
P06213	kd44	cre44	953	1298	346	3bu6	1014	1310	285
P06213	kd44	cre44	953	1298	346	3eta	1017	1310	282
P06782	kd45	cre45	55	495	441	2fh9	46	319	265
P06782	kd45	cre45	55	495	441	3dae	48	315	261
P06782	kd45	cre45	55	495	441	3mn3	50	320	266
P06782	kd45	cre45	55	495	441	3hyh	54	315	261
P06782	kd45	cre45	55	495	441	2qlv	460	630	36
P06782	kd45	cre45	55	495	441	3te5	464	630	32
P06782	kd45	cre45	55	495	441	3t4n	465	630	31
P06782	kd45	cre45	55	495	441	3tdh	465	630	31
P07333	kd46	cre46	542	910	369	2ogv	543	918	368
P07333	kd46	cre46	542	910	369	2i0v	544	916	367
P07333	kd46	cre46	542	910	369	4r7h	544	915	367
P07333	kd46	cre46	542	910	369	3krj	544	914	367
P07333	kd46	cre46	542	910	369	3krl	545	912	366
P07333	kd46	cre46	542	910	369	2i1m	547	921	364
P07333	kd46	cre46	542	910	369	3bea	547	921	364
P07333	kd46	cre46	542	910	369	6t2w	547	916	364
P07333	kd46	cre46	542	910	369	2i0y	548	916	363
P07333	kd46	cre46	542	910	369	3dpk	548	912	363
P07333	kd46	cre46	542	910	369	7tnh	549	912	362
P07333	kd46	cre46	542	910	369	6ig8	550	916	361
P07333	kd46	cre46	542	910	369	3lco	551	915	360
P07333	kd46	cre46	542	910	369	3lcd	558	913	353
P07333	kd46	cre46	542	910	369	6wxj	559	917	352
P07333	kd46	cre46	542	910	369	6n33	566	915	345
P07333	kd46	cre46	542	910	369	4hw7	566	914	345
P07333	kd46	cre46	542	910	369	4r7i	567	914	344
P07333	kd46	cre46	542	910	369	7mfc	567	913	344
P09619	kd49	cre49	600	1106	507	2iui	748	758	10
P09619	kd49	cre49	600	1106	507	1h9o	751	755	4
P09619	kd49	cre49	600	1106	507	1sha	751	755	4
P09619	kd49	cre49	600	1106	507	2pld	1018	1029	11
P09619	kd49	cre49	600	1106	507	2ple	1018	1029	11
P10721	kd51	cre51	544	937	394	3g0e	544	931	387
P10721	kd51	cre51	544	937	394	1t45	547	935	388
P10721	kd51	cre51	544	937	394	7khg	547	931	384
P10721	kd51	cre51	544	937	394	4hvs	551	931	380
P10721	kd51	cre51	544	937	394	6kla	554	931	377
P10721	kd51	cre51	544	937	394	6itt	563	932	369
P10721	kd51	cre51	544	937	394	3g0f	564	930	366
P10721	kd51	cre51	544	937	394	1t46	565	933	368
P10721	kd51	cre51	544	937	394	4u0i	565	933	368
P10721	kd51	cre51	544	937	394	6hh1	565	929	364
P10721	kd51	cre51	544	937	394	6xv9	566	931	365
P10721	kd51	cre51	544	937	394	7khj	566	931	365
P10721	kd51	cre51	544	937	394	7khk	566	931	365
P10721	kd51	cre51	544	937	394	1pkg	566	929	363
P10721	kd51	cre51	544	937	394	2vif	566	574	8
P10721	kd51	cre51	544	937	394	6gqj	567	931	364
P10721	kd51	cre51	544	937	394	6gqk	567	931	364
P10721	kd51	cre51	544	937	394	6mob	567	930	363
P10721	kd51	cre51	544	937	394	6gql	568	931	363
P10721	kd51	cre51	544	937	394	6itv	569	935	366
P10721	kd51	cre51	544	937	394	6gqm	569	931	362
P10721	kd51	cre51	544	937	394	6xva	569	931	362
P10721	kd51	cre51	544	937	394	6xvb	569	931	362
P10721	kd51	cre51	544	937	394	2iuh	718	725	7
P11362	kd52	cre52	120	767	648	2cr3	38	123	4
P11362	kd52	cre52	120	767	648	5w59	147	360	213
P11362	kd52	cre52	120	767	648	1evt	147	359	212
P11362	kd52	cre52	120	767	648	3ojv	147	359	212
P11362	kd52	cre52	120	767	648	5w21	149	361	212
P11362	kd52	cre52	120	767	648	1cvs	149	359	210
P11362	kd52	cre52	120	767	648	1fq9	149	359	210
P11362	kd52	cre52	120	767	648	1xr0	409	430	21
P11362	kd52	cre52	120	767	648	5a46	458	766	308
P11362	kd52	cre52	120	767	648	3kxx	458	765	307
P11362	kd52	cre52	120	767	648	4nka	458	765	307
P11362	kd52	cre52	120	767	648	4rwl	458	765	307
P11362	kd52	cre52	120	767	648	5am6	458	765	307
P11362	kd52	cre52	120	767	648	3ky2	458	764	306
P11362	kd52	cre52	120	767	648	4rwj	458	764	306
P11362	kd52	cre52	120	767	648	4rwk	458	764	306
P11362	kd52	cre52	120	767	648	5am7	458	764	306
P11362	kd52	cre52	120	767	648	7wcl	458	764	306
P11362	kd52	cre52	120	767	648	3js2	459	765	306
P11362	kd52	cre52	120	767	648	3tt0	459	765	306
P11362	kd52	cre52	120	767	648	4uwb	459	765	306
P11362	kd52	cre52	120	767	648	4uwc	459	765	306
P11362	kd52	cre52	120	767	648	6itj	459	765	306
P11362	kd52	cre52	120	767	648	4uwy	459	762	303
P11362	kd52	cre52	120	767	648	4f65	460	765	305
P11362	kd52	cre52	120	767	648	4nk9	460	765	305
P11362	kd52	cre52	120	767	648	5o49	460	765	305
P11362	kd52	cre52	120	767	648	5vnd	460	765	305
P11362	kd52	cre52	120	767	648	7ozb	460	765	305
P11362	kd52	cre52	120	767	648	7ozd	460	765	305
P11362	kd52	cre52	120	767	648	7ozf	460	765	305
P11362	kd52	cre52	120	767	648	4rwi	460	764	304
P11362	kd52	cre52	120	767	648	5flf	460	764	304
P11362	kd52	cre52	120	767	648	5o4a	460	764	304
P11362	kd52	cre52	120	767	648	4wun	461	765	304
P11362	kd52	cre52	120	767	648	5a4c	461	765	304
P11362	kd52	cre52	120	767	648	5ew8	461	765	304
P11362	kd52	cre52	120	767	648	6nvl	461	765	304
P11362	kd52	cre52	120	767	648	6p69	461	765	304
P11362	kd52	cre52	120	767	648	3rhx	461	764	303
P11362	kd52	cre52	120	767	648	5zv2	461	764	303
P11362	kd52	cre52	120	767	648	1agw	461	762	301
P11362	kd52	cre52	120	767	648	1fgi	461	762	301
P11362	kd52	cre52	120	767	648	1fgk	461	762	301
P11362	kd52	cre52	120	767	648	2fgi	461	762	301
P11362	kd52	cre52	120	767	648	4f63	461	762	301
P11362	kd52	cre52	120	767	648	4f64	461	762	301
P11362	kd52	cre52	120	767	648	4nks	461	762	301
P11362	kd52	cre52	120	767	648	4zsa	462	765	303
P11362	kd52	cre52	120	767	648	6mzq	462	765	303
P11362	kd52	cre52	120	767	648	5b7v	462	763	301
P11362	kd52	cre52	120	767	648	6p68	462	763	301
P11362	kd52	cre52	120	767	648	3gql	463	774	305
P11362	kd52	cre52	120	767	648	5uq0	463	765	302
P11362	kd52	cre52	120	767	648	6c1b	463	765	302
P11362	kd52	cre52	120	767	648	6c1c	463	765	302
P11362	kd52	cre52	120	767	648	6mzw	463	765	302
P11362	kd52	cre52	120	767	648	3gqi	464	770	304
P11362	kd52	cre52	120	767	648	3c4f	464	765	301
P11362	kd52	cre52	120	767	648	5ur1	464	765	301
P11362	kd52	cre52	120	767	648	6c19	464	765	301
P11362	kd52	cre52	120	767	648	6c1o	464	765	301
P11362	kd52	cre52	120	767	648	5z0s	464	762	298
P11362	kd52	cre52	120	767	648	6c18	465	765	300
P11362	kd52	cre52	120	767	648	3krj	577	597	20
P11362	kd52	cre52	120	767	648	3dpk	594	597	3
P11362	kd52	cre52	120	767	648	3krl	594	597	3
P11362	kd52	cre52	120	767	648	7tnh	595	597	2
P15056	kd56	cre56	235	717	483	3ny5	153	235	1
P15056	kd56	cre56	235	717	483	7mfd	156	738	484
P15056	kd56	cre56	235	717	483	7mfe	156	738	484
P15056	kd56	cre56	235	717	483	6nyb	233	738	484
P15056	kd56	cre56	235	717	483	5val	446	721	272
P15056	kd56	cre56	235	717	483	6n0q	446	721	272
P15056	kd56	cre56	235	717	483	6nsq	447	722	271
P15056	kd56	cre56	235	717	483	6pp9	447	722	271
P15056	kd56	cre56	235	717	483	7m0x	447	722	271
P15056	kd56	cre56	235	717	483	5csw	447	721	271
P15056	kd56	cre56	235	717	483	6v2w	447	721	271
P15056	kd56	cre56	235	717	483	7m0y	447	721	271
P15056	kd56	cre56	235	717	483	6b8u	447	720	271
P15056	kd56	cre56	235	717	483	6u2h	448	733	270
P15056	kd56	cre56	235	717	483	6xag	448	733	270
P15056	kd56	cre56	235	717	483	1uwh	448	723	270
P15056	kd56	cre56	235	717	483	1uwj	448	723	270
P15056	kd56	cre56	235	717	483	3d4q	448	723	270
P15056	kd56	cre56	235	717	483	3ppj	448	723	270
P15056	kd56	cre56	235	717	483	3ppk	448	723	270
P15056	kd56	cre56	235	717	483	3prf	448	723	270
P15056	kd56	cre56	235	717	483	3pri	448	723	270
P15056	kd56	cre56	235	717	483	3psb	448	723	270
P15056	kd56	cre56	235	717	483	3psd	448	723	270
P15056	kd56	cre56	235	717	483	3q4c	448	723	270
P15056	kd56	cre56	235	717	483	3skc	448	723	270
P15056	kd56	cre56	235	717	483	3tv4	448	723	270
P15056	kd56	cre56	235	717	483	3tv6	448	723	270
P15056	kd56	cre56	235	717	483	4e26	448	723	270
P15056	kd56	cre56	235	717	483	4ehe	448	723	270
P15056	kd56	cre56	235	717	483	4ehg	448	723	270
P15056	kd56	cre56	235	717	483	4g9c	448	723	270
P15056	kd56	cre56	235	717	483	4mbj	448	723	270
P15056	kd56	cre56	235	717	483	4fc0	448	722	270
P15056	kd56	cre56	235	717	483	4h58	448	722	270
P15056	kd56	cre56	235	717	483	4jvg	448	722	270
P15056	kd56	cre56	235	717	483	4ksp	448	722	270
P15056	kd56	cre56	235	717	483	4ksq	448	722	270
P15056	kd56	cre56	235	717	483	5jsm	448	722	270
P15056	kd56	cre56	235	717	483	6uuo	448	722	270
P15056	kd56	cre56	235	717	483	7k0v	448	722	270
P15056	kd56	cre56	235	717	483	3c4c	448	721	270
P15056	kd56	cre56	235	717	483	3ii5	448	721	270
P15056	kd56	cre56	235	717	483	4dbn	448	721	270
P15056	kd56	cre56	235	717	483	4e4x	448	721	270
P15056	kd56	cre56	235	717	483	4fk3	448	721	270
P15056	kd56	cre56	235	717	483	4g9r	448	721	270
P15056	kd56	cre56	235	717	483	4pp7	448	721	270
P15056	kd56	cre56	235	717	483	4rzw	448	721	270
P15056	kd56	cre56	235	717	483	4wo5	448	721	270
P15056	kd56	cre56	235	717	483	5ita	448	721	270
P15056	kd56	cre56	235	717	483	6p3d	448	721	270
P15056	kd56	cre56	235	717	483	7m0t	448	721	270
P15056	kd56	cre56	235	717	483	7m0w	448	721	270
P15056	kd56	cre56	235	717	483	4cqe	448	720	270
P15056	kd56	cre56	235	717	483	5csx	448	720	270
P15056	kd56	cre56	235	717	483	5fd2	448	720	270
P15056	kd56	cre56	235	717	483	5jrq	448	720	270
P15056	kd56	cre56	235	717	483	5jt2	448	719	270
P15056	kd56	cre56	235	717	483	7p3v	448	719	270
P15056	kd56	cre56	235	717	483	4xv2	448	705	257
P15056	kd56	cre56	235	717	483	4xv3	448	705	257
P15056	kd56	cre56	235	717	483	4xv9	448	705	257
P15056	kd56	cre56	235	717	483	6uan	449	750	269
P15056	kd56	cre56	235	717	483	6q0k	449	737	269
P15056	kd56	cre56	235	717	483	6q0j	449	734	269
P15056	kd56	cre56	235	717	483	7mff	449	733	269
P15056	kd56	cre56	235	717	483	6q0t	449	732	269
P15056	kd56	cre56	235	717	483	3q96	449	722	269
P15056	kd56	cre56	235	717	483	4mne	449	722	269
P15056	kd56	cre56	235	717	483	4rzv	449	722	269
P15056	kd56	cre56	235	717	483	5hid	449	722	269
P15056	kd56	cre56	235	717	483	5hie	449	722	269
P15056	kd56	cre56	235	717	483	6cad	449	722	269
P15056	kd56	cre56	235	717	483	7m0u	449	722	269
P15056	kd56	cre56	235	717	483	7m0v	449	722	269
P15056	kd56	cre56	235	717	483	5ct7	449	721	269
P15056	kd56	cre56	235	717	483	5hi2	449	721	269
P15056	kd56	cre56	235	717	483	5vam	449	721	269
P15056	kd56	cre56	235	717	483	6n0p	449	721	269
P15056	kd56	cre56	235	717	483	6p7g	449	721	269
P15056	kd56	cre56	235	717	483	6v2u	449	721	269
P15056	kd56	cre56	235	717	483	6v34	449	721	269
P15056	kd56	cre56	235	717	483	7m0z	449	721	269
P15056	kd56	cre56	235	717	483	2fb8	449	720	269
P15056	kd56	cre56	235	717	483	3idp	449	720	269
P15056	kd56	cre56	235	717	483	3og7	449	720	269
P15056	kd56	cre56	235	717	483	4mnf	449	720	269
P15056	kd56	cre56	235	717	483	4r5y	449	720	269
P15056	kd56	cre56	235	717	483	4yht	449	720	269
P15056	kd56	cre56	235	717	483	5c9c	449	720	269
P15056	kd56	cre56	235	717	483	6xfp	449	720	269
P15056	kd56	cre56	235	717	483	6xlo	449	720	269
P15056	kd56	cre56	235	717	483	4xv1	449	705	256
P15056	kd56	cre56	235	717	483	6u2g	451	722	267
P16234	kd58	cre58	593	1089	497	5k5x	554	973	381
P16234	kd58	cre58	593	1089	497	6a32	554	973	381
P16234	kd58	cre58	593	1089	497	6joj	554	973	381
P16234	kd58	cre58	593	1089	497	6jok	556	973	381
P16234	kd58	cre58	593	1089	497	6joi	569	973	381
P16234	kd58	cre58	593	1089	497	5grn	583	958	366
P16234	kd58	cre58	593	1089	497	6jol	583	957	365
P17252	kd59	cre59	19	597	579	2eli	93	169	76
P17252	kd59	cre59	19	597	579	4dnl	157	293	136
P17252	kd59	cre59	19	597	579	3iw4	330	670	268
P17252	kd59	cre59	19	597	579	4ra4	332	666	266
P17948	kd60	cre60	827	1338	512	3hng	803	1158	332
P17948	kd60	cre60	827	1338	512	5ex3	828	834	6
P21802	kd61	cre61	125	770	646	1e0o	149	360	211
P21802	kd61	cre61	125	770	646	1wvz	149	249	100
P21802	kd61	cre61	125	770	646	1iil	150	364	214
P21802	kd61	cre61	125	770	646	1ev2	150	363	213
P21802	kd61	cre61	125	770	646	1ii4	150	361	211
P21802	kd61	cre61	125	770	646	3caf	150	249	99
P21802	kd61	cre61	125	770	646	3cu1	150	249	99
P21802	kd61	cre61	125	770	646	3euu	150	249	99
P21802	kd61	cre61	125	770	646	1djs	151	362	211
P21802	kd61	cre61	125	770	646	1nun	151	361	210
P21802	kd61	cre61	125	770	646	3oj2	151	361	210
P21802	kd61	cre61	125	770	646	3ojm	151	361	210
P21802	kd61	cre61	125	770	646	2fdb	151	360	209
P21802	kd61	cre61	125	770	646	3dar	151	249	98
P21802	kd61	cre61	125	770	646	4j23	153	360	207
P21802	kd61	cre61	125	770	646	4wv1	154	251	97
P21802	kd61	cre61	125	770	646	3b2t	458	768	310
P21802	kd61	cre61	125	770	646	4j96	461	766	305
P21802	kd61	cre61	125	770	646	5ui0	461	766	305
P21802	kd61	cre61	125	770	646	4j98	461	764	303
P21802	kd61	cre61	125	770	646	2pvy	462	764	302
P21802	kd61	cre61	125	770	646	4j99	465	764	299
P21802	kd61	cre61	125	770	646	5eg3	466	774	305
P21802	kd61	cre61	125	770	646	7kie	466	767	301
P21802	kd61	cre61	125	770	646	6v6q	466	766	300
P21802	kd61	cre61	125	770	646	4j97	466	764	298
P21802	kd61	cre61	125	770	646	2pvf	467	770	303
P21802	kd61	cre61	125	770	646	7kia	467	767	300
P21802	kd61	cre61	125	770	646	2psq	467	766	299
P21802	kd61	cre61	125	770	646	2pzr	467	766	299
P21802	kd61	cre61	125	770	646	1oec	467	765	298
P21802	kd61	cre61	125	770	646	2pwl	467	765	298
P21802	kd61	cre61	125	770	646	1gjo	467	764	297
P21802	kd61	cre61	125	770	646	4j95	467	764	297
P21802	kd61	cre61	125	770	646	5ugl	467	764	297
P21802	kd61	cre61	125	770	646	6agx	467	764	297
P21802	kd61	cre61	125	770	646	7ozy	467	762	295
P21802	kd61	cre61	125	770	646	3cly	468	772	303
P21802	kd61	cre61	125	770	646	2py3	468	766	298
P21802	kd61	cre61	125	770	646	2pz5	468	766	298
P21802	kd61	cre61	125	770	646	2pzp	468	766	298
P21802	kd61	cre61	125	770	646	2q0b	468	766	298
P21802	kd61	cre61	125	770	646	3ri1	468	766	298
P21802	kd61	cre61	125	770	646	6lvk	468	766	298
P21802	kd61	cre61	125	770	646	6lvl	468	766	298
P21802	kd61	cre61	125	770	646	5ugx	468	764	296
P21802	kd61	cre61	125	770	646	5uhn	469	764	295
P22455	kd62	cre62	119	755	637	6j6y	142	243	101
P22455	kd62	cre62	119	755	637	7n1j	245	353	108
P22455	kd62	cre62	119	755	637	4qq5	445	750	305
P22455	kd62	cre62	119	755	637	4qqc	445	750	305
P22455	kd62	cre62	119	755	637	4r6v	445	750	305
P22455	kd62	cre62	119	755	637	6iuo	445	750	305
P22455	kd62	cre62	119	755	637	4tyj	447	753	306
P22455	kd62	cre62	119	755	637	4tyg	447	751	304
P22455	kd62	cre62	119	755	637	4tyi	447	750	303
P22455	kd62	cre62	119	755	637	5nud	449	753	304
P22455	kd62	cre62	119	755	637	4tye	451	753	302
P22455	kd62	cre62	119	755	637	6yi8	451	753	302
P22455	kd62	cre62	119	755	637	6jpe	452	751	299
P22455	kd62	cre62	119	755	637	4uxq	452	750	298
P22455	kd62	cre62	119	755	637	6iup	452	750	298
P22455	kd62	cre62	119	755	637	7f3m	453	753	300
P22455	kd62	cre62	119	755	637	7vjl	453	753	300
P22455	kd62	cre62	119	755	637	7wct	453	752	299
P22455	kd62	cre62	119	755	637	7wcw	453	752	299
P22455	kd62	cre62	119	755	637	7wcx	453	752	299
P22455	kd62	cre62	119	755	637	4xcu	453	751	298
P22455	kd62	cre62	119	755	637	6nvg	453	751	298
P22455	kd62	cre62	119	755	637	6nvj	453	751	298
P22455	kd62	cre62	119	755	637	6v9c	453	751	298
P22455	kd62	cre62	119	755	637	7dtz	453	751	298
P22455	kd62	cre62	119	755	637	5jkg	453	750	297
P22455	kd62	cre62	119	755	637	5xff	453	750	297
P22455	kd62	cre62	119	755	637	5xfj	453	750	297
P22455	kd62	cre62	119	755	637	6nvh	453	750	297
P22455	kd62	cre62	119	755	637	6nvi	453	750	297
P22455	kd62	cre62	119	755	637	6nvk	453	750	297
P22455	kd62	cre62	119	755	637	4qqj	454	752	298
P22455	kd62	cre62	119	755	637	5nwz	454	752	298
P22455	kd62	cre62	119	755	637	6jpj	454	752	298
P22455	kd62	cre62	119	755	637	4qqt	454	750	296
P22455	kd62	cre62	119	755	637	4qrc	454	750	296
P22455	kd62	cre62	119	755	637	7v29	454	750	296
P22607	kd63	cre63	126	761	636	1ry7	150	362	212
P22607	kd63	cre63	126	761	636	2lzl	357	399	42
P22607	kd63	cre63	126	761	636	6pnx	455	757	302
P22607	kd63	cre63	126	761	636	4k33	459	755	296
P22607	kd63	cre63	126	761	636	6lvm	472	755	283
P22607	kd63	cre63	126	761	636	7dhl	472	755	283
P23443	kd64	cre64	91	525	435	4l46	80	417	327
P23443	kd64	cre64	91	525	435	4l43	81	417	327
P23443	kd64	cre64	91	525	435	4l44	81	417	327
P23443	kd64	cre64	91	525	435	4l45	81	417	327
P23443	kd64	cre64	91	525	435	3wf7	83	374	284
P23443	kd64	cre64	91	525	435	4l42	84	417	327
P23443	kd64	cre64	91	525	435	7n91	85	418	328
P23443	kd64	cre64	91	525	435	7n93	85	418	328
P23443	kd64	cre64	91	525	435	4l3j	85	375	285
P23443	kd64	cre64	91	525	435	4l3l	85	375	285
P23443	kd64	cre64	91	525	435	3we4	85	374	284
P23443	kd64	cre64	91	525	435	3wf5	85	374	284
P23443	kd64	cre64	91	525	435	3wf6	85	374	284
P23443	kd64	cre64	91	525	435	3a60	85	372	282
P23443	kd64	cre64	91	525	435	3a62	85	372	282
P23443	kd64	cre64	91	525	435	3wf8	85	372	282
P23443	kd64	cre64	91	525	435	3wf9	85	372	282
P23443	kd64	cre64	91	525	435	4rlo	85	372	282
P23443	kd64	cre64	91	525	435	4rlp	85	372	282
P23443	kd64	cre64	91	525	435	3a61	87	371	281
P23443	kd64	cre64	91	525	435	5wbh	415	433	18
P28482	kd66	cre66	25	313	289	7opm	1	360	290
P28482	kd66	cre66	25	313	289	3sa0	4	360	290
P28482	kd66	cre66	25	313	289	4n0s	6	357	290
P28482	kd66	cre66	25	313	289	4zxt	7	357	290
P28482	kd66	cre66	25	313	289	3i60	8	358	290
P28482	kd66	cre66	25	313	289	1tvo	8	357	290
P28482	kd66	cre66	25	313	289	1wzy	8	357	290
P28482	kd66	cre66	25	313	289	3i5z	8	357	290
P28482	kd66	cre66	25	313	289	4fv8	8	357	290
P28482	kd66	cre66	25	313	289	4fv9	8	357	290
P28482	kd66	cre66	25	313	289	6g91	8	357	290
P28482	kd66	cre66	25	313	289	6g92	8	357	290
P28482	kd66	cre66	25	313	289	6g9a	8	357	290
P28482	kd66	cre66	25	313	289	6g9d	8	357	290
P28482	kd66	cre66	25	313	289	6g9j	8	357	290
P28482	kd66	cre66	25	313	289	6gjb	8	357	290
P28482	kd66	cre66	25	313	289	6q7k	8	357	290
P28482	kd66	cre66	25	313	289	6qa3	8	357	290
P28482	kd66	cre66	25	313	289	6gdm	8	356	290
P28482	kd66	cre66	25	313	289	4h3q	9	360	290
P28482	kd66	cre66	25	313	289	4nif	9	360	290
P28482	kd66	cre66	25	313	289	2y9q	9	358	290
P28482	kd66	cre66	25	313	289	4fmq	9	358	290
P28482	kd66	cre66	25	313	289	5buj	9	358	290
P28482	kd66	cre66	25	313	289	5bvd	9	358	290
P28482	kd66	cre66	25	313	289	5bve	9	358	290
P28482	kd66	cre66	25	313	289	5bvf	9	358	290
P28482	kd66	cre66	25	313	289	5k4i	9	358	290
P28482	kd66	cre66	25	313	289	4fv4	9	357	290
P28482	kd66	cre66	25	313	289	4fv5	9	357	290
P28482	kd66	cre66	25	313	289	4fv6	9	357	290
P28482	kd66	cre66	25	313	289	5v62	10	360	290
P28482	kd66	cre66	25	313	289	5v61	10	359	290
P28482	kd66	cre66	25	313	289	3tei	10	358	290
P28482	kd66	cre66	25	313	289	4qta	10	358	290
P28482	kd66	cre66	25	313	289	5ax3	10	358	290
P28482	kd66	cre66	25	313	289	5v60	10	358	290
P28482	kd66	cre66	25	313	289	6opg	10	358	290
P28482	kd66	cre66	25	313	289	7e75	10	358	290
P28482	kd66	cre66	25	313	289	6gdq	10	357	290
P28482	kd66	cre66	25	313	289	6gjd	10	357	290
P28482	kd66	cre66	25	313	289	6g54	10	356	290
P28482	kd66	cre66	25	313	289	6nbs	10	356	290
P28482	kd66	cre66	25	313	289	6opi	10	356	290
P28482	kd66	cre66	25	313	289	4iz7	11	360	290
P28482	kd66	cre66	25	313	289	7w5o	11	360	290
P28482	kd66	cre66	25	313	289	4h3p	11	359	290
P28482	kd66	cre66	25	313	289	4fuy	11	358	290
P28482	kd66	cre66	25	313	289	4fv0	11	358	290
P28482	kd66	cre66	25	313	289	4fv7	11	358	290
P28482	kd66	cre66	25	313	289	4g6n	11	358	290
P28482	kd66	cre66	25	313	289	4iza	11	358	290
P28482	kd66	cre66	25	313	289	4qte	11	358	290
P28482	kd66	cre66	25	313	289	5bue	11	358	290
P28482	kd66	cre66	25	313	289	5bui	11	358	290
P28482	kd66	cre66	25	313	289	5nhh	11	358	290
P28482	kd66	cre66	25	313	289	6oph	11	358	290
P28482	kd66	cre66	25	313	289	6qa1	11	358	290
P28482	kd66	cre66	25	313	289	3w55	11	357	290
P28482	kd66	cre66	25	313	289	4fux	11	357	290
P28482	kd66	cre66	25	313	289	4fv2	11	357	290
P28482	kd66	cre66	25	313	289	4fv3	11	357	290
P28482	kd66	cre66	25	313	289	4g6o	11	357	290
P28482	kd66	cre66	25	313	289	4iz5	11	357	290
P28482	kd66	cre66	25	313	289	5lcj	11	357	290
P28482	kd66	cre66	25	313	289	5lck	11	357	290
P28482	kd66	cre66	25	313	289	6dmg	11	357	290
P28482	kd66	cre66	25	313	289	6g8x	11	357	290
P28482	kd66	cre66	25	313	289	6g93	11	357	290
P28482	kd66	cre66	25	313	289	6g97	11	357	290
P28482	kd66	cre66	25	313	289	6g9h	11	357	290
P28482	kd66	cre66	25	313	289	6g9k	11	357	290
P28482	kd66	cre66	25	313	289	6g9n	11	357	290
P28482	kd66	cre66	25	313	289	6ge0	11	357	290
P28482	kd66	cre66	25	313	289	6qa4	11	357	290
P28482	kd66	cre66	25	313	289	6qag	11	357	290
P28482	kd66	cre66	25	313	289	6qah	11	357	290
P28482	kd66	cre66	25	313	289	6qal	11	357	290
P28482	kd66	cre66	25	313	289	6qaq	11	357	290
P28482	kd66	cre66	25	313	289	6qaw	11	357	290
P28482	kd66	cre66	25	313	289	7auv	11	357	290
P28482	kd66	cre66	25	313	289	7e73	11	357	290
P28482	kd66	cre66	25	313	289	7nr5	11	357	290
P28482	kd66	cre66	25	313	289	4fv1	11	356	290
P28482	kd66	cre66	25	313	289	6g9m	11	356	290
P28482	kd66	cre66	25	313	289	6q7s	11	356	290
P28482	kd66	cre66	25	313	289	6q7t	11	356	290
P28482	kd66	cre66	25	313	289	7nqq	11	356	290
P28482	kd66	cre66	25	313	289	7nqw	11	356	290
P28482	kd66	cre66	25	313	289	7nr3	11	356	290
P28482	kd66	cre66	25	313	289	7nr8	11	356	290
P28482	kd66	cre66	25	313	289	4zzm	11	355	290
P28482	kd66	cre66	25	313	289	4zzn	11	355	290
P28482	kd66	cre66	25	313	289	4zzo	11	355	290
P28482	kd66	cre66	25	313	289	5ngu	11	355	290
P28482	kd66	cre66	25	313	289	5nhj	11	355	290
P28482	kd66	cre66	25	313	289	5nhl	11	355	290
P28482	kd66	cre66	25	313	289	5nho	11	355	290
P28482	kd66	cre66	25	313	289	5nhp	11	355	290
P28482	kd66	cre66	25	313	289	5nhv	11	355	290
P28482	kd66	cre66	25	313	289	7nr9	11	355	290
P28482	kd66	cre66	25	313	289	4qp1	12	360	290
P28482	kd66	cre66	25	313	289	4qp2	12	360	290
P28482	kd66	cre66	25	313	289	4qp3	12	360	290
P28482	kd66	cre66	25	313	289	4qp6	12	360	290
P28482	kd66	cre66	25	313	289	4qpa	12	360	290
P28482	kd66	cre66	25	313	289	4xj0	12	360	290
P28482	kd66	cre66	25	313	289	4qp4	12	357	290
P28482	kd66	cre66	25	313	289	4qp7	12	357	290
P28482	kd66	cre66	25	313	289	4qp8	12	357	290
P28482	kd66	cre66	25	313	289	5nhf	12	355	290
P28482	kd66	cre66	25	313	289	4o6e	13	357	290
P28482	kd66	cre66	25	313	289	4qp9	13	357	290
P28482	kd66	cre66	25	313	289	6d5y	13	357	290
P28482	kd66	cre66	25	313	289	2oji	15	358	290
P28482	kd66	cre66	25	313	289	2ojj	15	358	290
P28482	kd66	cre66	25	313	289	5wp1	15	357	290
P28482	kd66	cre66	25	313	289	1pme	16	360	290
P28482	kd66	cre66	25	313	289	6slg	18	356	290
P28482	kd66	cre66	25	313	289	2ojg	19	357	290
P28482	kd66	cre66	25	313	289	6rq4	19	357	290
P28482	kd66	cre66	25	313	289	3d42	185	188	3
P28482	kd66	cre66	25	313	289	3d44	185	188	3
P28829	kd70	cre70	151	658	508	1i35	71	165	15
P28829	kd70	cre70	151	658	508	1k8r	71	165	15
P29323	kd71	cre71	588	884	297	3zfm	615	894	270
P31749	kd72	cre72	17	408	392	1unq	1	117	101
P31749	kd72	cre72	17	408	392	2uzs	1	117	101
P31749	kd72	cre72	17	408	392	1h10	1	116	100
P31749	kd72	cre72	17	408	392	2uvm	1	116	100
P31749	kd72	cre72	17	408	392	6hhh	2	439	393
P31749	kd72	cre72	17	408	392	3o96	2	429	393
P31749	kd72	cre72	17	408	392	6hhg	3	444	393
P31749	kd72	cre72	17	408	392	6hhi	3	444	393
P31749	kd72	cre72	17	408	392	6hhj	3	444	393
P31749	kd72	cre72	17	408	392	6s9w	3	444	393
P31749	kd72	cre72	17	408	392	7nh5	3	444	393
P31749	kd72	cre72	17	408	392	6s9x	3	443	393
P31749	kd72	cre72	17	408	392	6hhf	3	439	393
P31749	kd72	cre72	17	408	392	7apj	3	439	393
P31749	kd72	cre72	17	408	392	1unp	3	121	105
P31749	kd72	cre72	17	408	392	1unr	3	120	104
P31749	kd72	cre72	17	408	392	2uzr	3	120	104
P31749	kd72	cre72	17	408	392	7nh4	4	444	393
P31749	kd72	cre72	17	408	392	4ejn	4	438	393
P31749	kd72	cre72	17	408	392	5kcv	6	438	393
P31749	kd72	cre72	17	408	392	6npz	141	478	268
P31749	kd72	cre72	17	408	392	3cqu	144	478	265
P31749	kd72	cre72	17	408	392	3cqw	144	478	265
P31749	kd72	cre72	17	408	392	3ocb	144	478	265
P31749	kd72	cre72	17	408	392	3ow4	144	478	265
P31749	kd72	cre72	17	408	392	3qkk	144	478	265
P31749	kd72	cre72	17	408	392	3qkl	144	478	265
P31749	kd72	cre72	17	408	392	3qkm	144	478	265
P31749	kd72	cre72	17	408	392	4ekl	144	478	265
P31749	kd72	cre72	17	408	392	6buu	144	478	265
P31749	kd72	cre72	17	408	392	3mv5	144	477	265
P31749	kd72	cre72	17	408	392	4ekk	144	477	265
P31749	kd72	cre72	17	408	392	4gv1	144	477	265
P31749	kd72	cre72	17	408	392	6ccy	144	450	265
P31749	kd72	cre72	17	408	392	3mvh	145	476	264
P31751	kd73	cre73	17	409	393	1p6s	1	111	95
P31751	kd73	cre73	17	409	393	3d0e	146	480	264
P31751	kd73	cre73	17	409	393	3e87	146	480	264
P31751	kd73	cre73	17	409	393	3e88	146	480	264
P31751	kd73	cre73	17	409	393	3e8d	146	480	264
P31751	kd73	cre73	17	409	393	1o6k	146	479	264
P31751	kd73	cre73	17	409	393	2xh5	146	479	264
P31751	kd73	cre73	17	409	393	1o6l	146	477	264
P31751	kd73	cre73	17	409	393	2jdo	146	477	264
P31751	kd73	cre73	17	409	393	2jdr	146	477	264
P31751	kd73	cre73	17	409	393	2uw9	146	477	264
P31751	kd73	cre73	17	409	393	2x39	146	477	264
P31751	kd73	cre73	17	409	393	1gzn	146	442	264
P31751	kd73	cre73	17	409	393	1gzo	146	442	264
P31751	kd73	cre73	17	409	393	1gzk	146	441	264
P31751	kd73	cre73	17	409	393	1mry	146	440	264
P31751	kd73	cre73	17	409	393	1mrv	147	440	263
P35465	kd74	cre74	70	520	451	1e0a	75	118	43
P35968	kd77	cre77	834	1356	523	4agc	801	1169	336
P35968	kd77	cre77	834	1356	523	4agd	802	1169	336
P35968	kd77	cre77	834	1356	523	4ase	807	1169	336
P35968	kd77	cre77	834	1356	523	4asd	807	1168	335
P35968	kd77	cre77	834	1356	523	3vhe	811	1169	336
P35968	kd77	cre77	834	1356	523	6gqo	811	1168	335
P35968	kd77	cre77	834	1356	523	3vnt	812	1168	335
P35968	kd77	cre77	834	1356	523	3vo3	812	1168	335
P35968	kd77	cre77	834	1356	523	3vid	813	1168	335
P35968	kd77	cre77	834	1356	523	6gqq	813	1167	334
P35968	kd77	cre77	834	1356	523	6xvj	813	1167	334
P35968	kd77	cre77	834	1356	523	3vhk	814	1168	335
P35968	kd77	cre77	834	1356	523	2p2h	815	1172	339
P35968	kd77	cre77	834	1356	523	2rl5	815	1171	338
P35968	kd77	cre77	834	1356	523	3be2	815	1171	338
P35968	kd77	cre77	834	1356	523	3ewh	815	1171	338
P35968	kd77	cre77	834	1356	523	3u6j	815	1171	338
P35968	kd77	cre77	834	1356	523	3wze	815	1167	334
P35968	kd77	cre77	834	1356	523	2oh4	816	1171	338
P35968	kd77	cre77	834	1356	523	2qu5	816	1170	337
P35968	kd77	cre77	834	1356	523	2xir	816	1168	335
P35968	kd77	cre77	834	1356	523	3cjg	816	1168	335
P35968	kd77	cre77	834	1356	523	4ag8	816	1168	335
P35968	kd77	cre77	834	1356	523	2p2i	817	1172	339
P35968	kd77	cre77	834	1356	523	2qu6	817	1171	338
P35968	kd77	cre77	834	1356	523	3cp9	817	1171	338
P35968	kd77	cre77	834	1356	523	3efl	817	1171	338
P35968	kd77	cre77	834	1356	523	3cjf	817	1168	335
P35968	kd77	cre77	834	1356	523	3b8q	818	1171	338
P35968	kd77	cre77	834	1356	523	3b8r	818	1171	338
P35968	kd77	cre77	834	1356	523	3dtw	818	1171	338
P35968	kd77	cre77	834	1356	523	3c7q	819	1171	338
P35968	kd77	cre77	834	1356	523	3cpb	819	1171	338
P35968	kd77	cre77	834	1356	523	1y6b	819	1168	335
P35968	kd77	cre77	834	1356	523	1ywn	820	1171	338
P35968	kd77	cre77	834	1356	523	3cpc	820	1171	338
P35968	kd77	cre77	834	1356	523	1vr2	820	1168	335
P35968	kd77	cre77	834	1356	523	5ew3	820	1168	335
P35968	kd77	cre77	834	1356	523	1y6a	820	1167	334
P35968	kd77	cre77	834	1356	523	3wzd	820	1167	334
P35968	kd77	cre77	834	1356	523	6gqp	821	1168	335
P35968	kd77	cre77	834	1356	523	6xvk	821	1168	335
P36507	kd78	cre78	72	369	298	1s9i	59	393	299
P36888	kd79	cre79	565	943	379	6il3	569	947	375
P36888	kd79	cre79	565	943	379	6jqr	571	951	373
P36888	kd79	cre79	565	943	379	1rjb	572	947	372
P36888	kd79	cre79	565	943	379	5x02	573	947	371
P36888	kd79	cre79	565	943	379	4rt7	599	950	345
P36888	kd79	cre79	565	943	379	4xuf	600	947	344
P41279	kd80	cre80	138	467	330	4y83	73	390	253
P41279	kd80	cre80	138	467	330	4y85	73	390	253
P41279	kd80	cre80	138	467	330	5iu2	73	389	252
P41743	kd81	cre81	123	522	400	3zh8	248	590	275
P41743	kd81	cre81	123	522	400	5li1	248	589	275
P41743	kd81	cre81	123	522	400	5li9	248	589	275
P41743	kd81	cre81	123	522	400	5lih	248	588	275
P41743	kd81	cre81	123	522	400	1zrz	249	588	274
P41743	kd81	cre81	123	522	400	3a8w	249	588	274
P41743	kd81	cre81	123	522	400	3a8x	249	588	274
P41743	kd81	cre81	123	522	400	6ilz	254	587	269
P42527	kd82	cre82	500	808	309	4zme	552	815	257
P42527	kd82	cre82	500	808	309	5e9e	552	813	257
P42527	kd82	cre82	500	808	309	3lla	552	811	257
P42527	kd82	cre82	500	808	309	4zs4	552	810	257
P42527	kd82	cre82	500	808	309	3lmh	552	809	257
P42527	kd82	cre82	500	808	309	3lmi	552	809	257
P42527	kd82	cre82	500	808	309	5dyj	552	809	257
P42527	kd82	cre82	500	808	309	5e4h	552	809	257
P42527	kd82	cre82	500	808	309	4zmf	552	808	256
P42527	kd82	cre82	500	808	309	3pdt	556	809	253
P42527	kd82	cre82	500	808	309	3lkm	556	807	251
P43403	kd83	cre83	126	600	475	4xz0	1	257	132
P43403	kd83	cre83	126	600	475	1m61	1	256	131
P43403	kd83	cre83	126	600	475	2ozo	2	606	476
P43403	kd83	cre83	126	600	475	4k2r	2	606	476
P43403	kd83	cre83	126	600	475	2oq1	3	256	131
P43403	kd83	cre83	126	600	475	4xz1	3	256	131
P43403	kd83	cre83	126	600	475	1fbv	289	297	8
P43403	kd83	cre83	126	600	475	2cbl	289	297	8
P43403	kd83	cre83	126	600	475	2y1n	289	297	8
P43403	kd83	cre83	126	600	475	3zni	289	297	8
P43403	kd83	cre83	126	600	475	4a4b	289	297	8
P43403	kd83	cre83	126	600	475	4a4c	289	297	8
P43403	kd83	cre83	126	600	475	5o76	289	297	8
P43403	kd83	cre83	126	600	475	1u59	328	606	273
P43403	kd83	cre84	256	600	345	4xz0	1	257	2
P43403	kd83	cre84	256	600	345	1m61	1	256	1
P43403	kd83	cre84	256	600	345	2ozo	2	606	346
P43403	kd83	cre84	256	600	345	4k2r	2	606	346
P43403	kd83	cre84	256	600	345	2oq1	3	256	1
P43403	kd83	cre84	256	600	345	4xz1	3	256	1
P43403	kd83	cre84	256	600	345	1fbv	289	297	8
P43403	kd83	cre84	256	600	345	2cbl	289	297	8
P43403	kd83	cre84	256	600	345	2y1n	289	297	8
P43403	kd83	cre84	256	600	345	3zni	289	297	8
P43403	kd83	cre84	256	600	345	4a4b	289	297	8
P43403	kd83	cre84	256	600	345	4a4c	289	297	8
P43403	kd83	cre84	256	600	345	5o76	289	297	8
P43403	kd83	cre84	256	600	345	1u59	328	606	273
P45985	kd84	cre85	102	367	266	3vut	80	388	267
P45985	kd84	cre85	102	367	266	3aln	83	390	267
P45985	kd84	cre85	102	367	266	3alo	95	389	267
P48730	kd86	cre87	9	342	334	4tw9	1	295	287
P48730	kd86	cre87	9	342	334	4twc	1	295	287
P48730	kd86	cre87	9	342	334	6gzm	1	295	287
P48730	kd86	cre87	9	342	334	6hmp	1	294	286
P48730	kd86	cre87	9	342	334	6hmr	1	294	286
P48730	kd86	cre87	9	342	334	6rch	1	294	286
P48730	kd86	cre87	9	342	334	4kbc	1	293	285
P48730	kd86	cre87	9	342	334	6rcg	1	293	285
P48730	kd86	cre87	9	342	334	6f1w	1	292	284
P48730	kd86	cre87	9	342	334	6pxo	1	292	284
P48730	kd86	cre87	9	342	334	4hgt	2	294	286
P48730	kd86	cre87	9	342	334	5ih4	2	294	286
P48730	kd86	cre87	9	342	334	5ih5	2	294	286
P48730	kd86	cre87	9	342	334	6pxn	2	294	286
P48730	kd86	cre87	9	342	334	6pxp	2	294	286
P48730	kd86	cre87	9	342	334	6ru8	2	294	286
P48730	kd86	cre87	9	342	334	4tn6	2	293	285
P48730	kd86	cre87	9	342	334	5ih6	2	293	285
P48730	kd86	cre87	9	342	334	3uzp	3	294	286
P48730	kd86	cre87	9	342	334	4hnf	3	294	286
P48730	kd86	cre87	9	342	334	5okt	3	294	286
P48730	kd86	cre87	9	342	334	6ru6	3	294	286
P48730	kd86	cre87	9	342	334	6ru7	3	294	286
P48730	kd86	cre87	9	342	334	7p7f	3	294	286
P48730	kd86	cre87	9	342	334	7p7h	3	294	286
P48730	kd86	cre87	9	342	334	4kb8	3	293	285
P48730	kd86	cre87	9	342	334	4kba	3	293	285
P48730	kd86	cre87	9	342	334	4kbk	3	293	285
P48730	kd86	cre87	9	342	334	5w4w	3	293	285
P48730	kd86	cre87	9	342	334	6f26	3	293	285
P48730	kd86	cre87	9	342	334	3uys	4	294	286
P48730	kd86	cre87	9	342	334	3uyt	4	294	286
P48730	kd86	cre87	9	342	334	5mqv	6	294	286
P48730	kd86	cre87	9	342	334	7p7g	7	294	286
P49137	kd89	cre90	64	353	290	1nxk	41	357	291
P49137	kd89	cre90	64	353	290	3kc3	41	356	291
P49137	kd89	cre90	64	353	290	2pzy	42	359	291
P49137	kd89	cre90	64	353	290	1kwp	44	385	291
P49137	kd89	cre90	64	353	290	2jbp	44	350	287
P49137	kd89	cre90	64	353	290	2jbo	44	347	284
P49137	kd89	cre90	64	353	290	3fpm	44	345	282
P49137	kd89	cre90	64	353	290	6t8x	44	331	268
P49137	kd89	cre90	64	353	290	7nry	45	366	291
P49137	kd89	cre90	64	353	290	2p3g	45	364	291
P49137	kd89	cre90	64	353	290	3fyj	45	364	291
P49137	kd89	cre90	64	353	290	3fyk	45	364	291
P49137	kd89	cre90	64	353	290	2onl	46	393	291
P49137	kd89	cre90	64	353	290	3gok	46	350	287
P49137	kd89	cre90	64	353	290	3wi6	46	347	284
P49137	kd89	cre90	64	353	290	1ny3	46	345	282
P49137	kd89	cre90	64	353	290	3r2y	46	345	282
P49137	kd89	cre90	64	353	290	3r30	46	345	282
P49137	kd89	cre90	64	353	290	3ka0	47	364	291
P49137	kd89	cre90	64	353	290	3kga	47	364	291
P49137	kd89	cre90	64	353	290	3m2w	47	364	291
P49137	kd89	cre90	64	353	290	3m42	47	364	291
P49137	kd89	cre90	64	353	290	3a2c	47	345	282
P49137	kd89	cre90	64	353	290	3r2b	47	345	282
P49137	kd89	cre90	64	353	290	4tyh	51	400	291
P49137	kd89	cre90	64	353	290	6tca	51	399	291
P49137	kd89	cre90	64	353	290	2oza	51	390	291
P49674	kd92	cre93	9	416	408	4hok	1	294	286
P49674	kd92	cre93	9	416	408	4hni	1	293	285
P51812	kd93	cre94	68	711	644	7opo	45	348	281
P51812	kd93	cre94	68	711	644	5d9l	49	359	292
P51812	kd93	cre94	68	711	644	4nw5	51	359	292
P51812	kd93	cre94	68	711	644	4nw6	51	359	292
P51812	kd93	cre94	68	711	644	4nus	53	359	292
P51812	kd93	cre94	68	711	644	5d9k	62	359	292
P51812	kd93	cre94	68	711	644	4jg7	405	713	307
P51812	kd93	cre94	68	711	644	4jg6	406	712	306
P51812	kd93	cre94	68	711	644	4d9u	408	714	304
P51812	kd93	cre94	68	711	644	4jg8	415	714	297
P51812	kd93	cre94	68	711	644	4d9t	415	713	297
P51812	kd94	cre94	422	711	290	4jg7	405	713	291
P51812	kd94	cre94	422	711	290	4jg6	406	712	291
P51812	kd94	cre94	422	711	290	4d9u	408	714	291
P51812	kd94	cre94	422	711	290	4jg8	415	714	291
P51812	kd94	cre94	422	711	290	4d9t	415	713	291
P53355	kd95	cre95	13	301	289	4pf4	1	277	265
P53355	kd95	cre95	13	301	289	2w4k	2	302	290
P53355	kd95	cre95	13	301	289	2xuu	2	302	290
P53355	kd95	cre95	13	301	289	6fhb	2	302	290
P53355	kd95	cre95	13	301	289	4tl0	2	301	289
P53355	kd95	cre95	13	301	289	1ig1	2	294	282
P53355	kd95	cre95	13	301	289	1jkl	2	294	282
P53355	kd95	cre95	13	301	289	1jks	2	294	282
P53355	kd95	cre95	13	301	289	1p4f	2	293	281
P53355	kd95	cre95	13	301	289	2yak	2	278	266
P53355	kd95	cre95	13	301	289	1jkk	2	277	265
P53355	kd95	cre95	13	301	289	1jkt	2	277	265
P53355	kd95	cre95	13	301	289	2w4j	2	277	265
P53355	kd95	cre95	13	301	289	3dfc	2	277	265
P53355	kd95	cre95	13	301	289	3dgk	2	277	265
P53355	kd95	cre95	13	301	289	3eh9	2	277	265
P53355	kd95	cre95	13	301	289	3eha	2	277	265
P53355	kd95	cre95	13	301	289	3f5g	2	277	265
P53355	kd95	cre95	13	301	289	3f5u	2	277	265
P53355	kd95	cre95	13	301	289	3gu4	2	277	265
P53355	kd95	cre95	13	301	289	3gu5	2	277	265
P53355	kd95	cre95	13	301	289	3gu6	2	277	265
P53355	kd95	cre95	13	301	289	3gu7	2	277	265
P53355	kd95	cre95	13	301	289	3gu8	2	277	265
P53355	kd95	cre95	13	301	289	3gub	2	277	265
P53355	kd95	cre95	13	301	289	4txc	2	277	265
P53355	kd95	cre95	13	301	289	4yo4	2	277	265
P53355	kd95	cre95	13	301	289	4ypd	2	277	265
P53355	kd95	cre95	13	301	289	5aut	2	277	265
P53355	kd95	cre95	13	301	289	5auu	2	277	265
P53355	kd95	cre95	13	301	289	5auv	2	277	265
P53355	kd95	cre95	13	301	289	5auw	2	277	265
P53355	kd95	cre95	13	301	289	5aux	2	277	265
P53355	kd95	cre95	13	301	289	5auy	2	277	265
P53355	kd95	cre95	13	301	289	5auz	2	277	265
P53355	kd95	cre95	13	301	289	5av0	2	277	265
P53355	kd95	cre95	13	301	289	5av1	2	277	265
P53355	kd95	cre95	13	301	289	5av2	2	277	265
P53355	kd95	cre95	13	301	289	5av3	2	277	265
P53355	kd95	cre95	13	301	289	5av4	2	277	265
P53355	kd95	cre95	13	301	289	6aar	2	277	265
P53355	kd95	cre95	13	301	289	6in4	2	277	265
P53355	kd95	cre95	13	301	289	6qn4	2	277	265
P53355	kd95	cre95	13	301	289	7ccu	2	277	265
P53355	kd95	cre95	13	301	289	7ccv	2	277	265
P53355	kd95	cre95	13	301	289	7ccw	2	277	265
P53355	kd95	cre95	13	301	289	1wvw	2	276	264
P53355	kd95	cre95	13	301	289	1wvx	2	276	264
P53355	kd95	cre95	13	301	289	2y4p	2	276	264
P53355	kd95	cre95	13	301	289	2x0g	3	320	290
P53355	kd95	cre95	13	301	289	2y0a	3	302	290
P53355	kd95	cre95	13	301	289	4uv0	3	302	290
P53355	kd95	cre95	13	301	289	2xzs	4	312	290
P53355	kd95	cre95	13	301	289	6fha	4	302	290
P53355	kd95	cre95	13	301	289	6qmo	4	302	290
P53355	kd95	cre95	13	301	289	1wvy	4	276	264
P53355	kd95	cre95	13	301	289	4b4l	5	303	290
P53355	kd95	cre95	13	301	289	3zxt	5	276	264
P54645	kd99	cre99	27	381	355	4qfg	20	559	356
P54645	kd99	cre99	27	381	355	4qfr	20	559	356
P54645	kd99	cre99	27	381	355	4qfs	20	559	356
P54645	kd99	cre99	27	381	355	5t5t	20	559	356
P54645	kd99	cre99	27	381	355	6e4t	20	559	356
P54645	kd99	cre99	27	381	355	6e4u	20	559	356
P54645	kd99	cre99	27	381	355	6e4w	20	559	356
P54645	kd99	cre99	27	381	355	4cfh	21	559	356
P54645	kd99	cre99	27	381	355	5kq5	21	559	356
P54645	kd99	cre99	27	381	355	5ufu	269	559	113
P54645	kd99	cre99	27	381	355	4f2l	295	347	52
P54646	kd100	cre100	16	376	361	7myj	7	551	362
P54646	kd100	cre100	16	376	361	3aqv	7	279	264
P54646	kd100	cre100	16	376	361	6b1u	8	552	362
P54646	kd100	cre100	16	376	361	4cfe	8	551	362
P54646	kd100	cre100	16	376	361	4cff	8	551	362
P54646	kd100	cre100	16	376	361	4zhx	9	551	362
P54646	kd100	cre100	16	376	361	5iso	9	551	362
P54646	kd100	cre100	16	376	361	6b2e	9	551	362
P54646	kd100	cre100	16	376	361	2h6d	10	278	263
P54646	kd100	cre100	16	376	361	2yza	10	278	263
P54646	kd100	cre100	16	376	361	6bx6	13	277	262
P54646	kd100	cre100	16	376	361	5ezv	17	551	360
P54646	kd100	cre100	16	376	361	2ltu	282	339	57
Q5EG47	kd171	cre171	27	381	355	5ufu	20	268	242
Q6PHZ2	kd197	cre197	14	292	279	6bab	9	301	280
Q8I719	kd223	cre223	1	798	798	5dyk	15	853	784
Q8I719	kd223	cre223	1	798	798	5e16	21	158	137
Q8I719	kd223	cre223	1	798	798	4ofg	401	542	141
Q8I719	kd223	cre223	1	798	798	4off	403	526	123
Q8IBS5	kd224	cre224	71	358	288	4rgj	39	528	289
Q8IBS5	kd224	cre224	71	358	288	4qox	51	528	289
Q8IU85	kd226	cre226	23	319	297	2jc6	11	313	291
Q8IU85	kd226	cre226	23	319	297	6t6f	12	329	298
Q8IU85	kd226	cre226	23	319	297	6t28	12	302	280
Q8IU85	kd226	cre226	23	319	297	6t29	12	302	280
Q8IU85	kd226	cre226	23	319	297	6qp5	13	302	280
Q8IVH8	kd227	cre227	16	735	720	5j5t	13	314	299
Q8N5S9	kd230	cre230	128	440	313	6ccf	124	411	284
Q8N5S9	kd230	cre230	128	440	313	6cd6	124	411	284
Q8VDF3	kd233	cre233	23	301	279	2yaa	12	311	280
Q8VDF3	kd233	cre233	23	301	279	2ya9	13	311	280
Q8VDF3	kd233	cre233	23	301	279	2yab	13	311	280
Q9DC28	kd250	cre250	9	342	334	4jjr	1	299	291
Q9DC28	kd250	cre250	9	342	334	5x17	3	292	284
Q9H2X6	kd256	cre256	199	1050	852	7ncf	183	535	337
Q9H2X6	kd256	cre256	199	1050	852	6p5s	185	535	337
Q9H4A3	kd257	cre257	221	555	335	5tf9	206	483	263
Q9H4A3	kd257	cre257	221	555	335	5wdy	206	481	261
Q9H4A3	kd257	cre257	221	555	335	5we8	207	483	263
Q9H4A3	kd257	cre257	221	555	335	4pwn	210	482	262
Q9JIH7	kd258	cre258	221	555	335	6ol2	203	481	261
Q9JIH7	kd258	cre258	221	555	335	5drb	209	481	261
Q9JIH7	kd258	cre258	221	555	335	5w7t	210	482	262
Q9JIH7	kd258	cre258	221	555	335	6cn9	210	481	261
Q9JIH7	kd258	cre258	221	555	335	4q2a	210	480	260
Q9JIH7	kd258	cre258	221	555	335	2lru	480	572	76
Q9NJU9	kd263	cre263	118	401	284	3k21	388	560	14
Q9UIK4	kd273	cre273	23	301	279	2a2a	11	314	280
Q9UIK4	kd273	cre273	23	301	279	2cke	11	311	280
Q9UIK4	kd273	cre273	23	301	279	1wmk	12	325	280
Q9UIK4	kd273	cre273	23	301	279	2a27	12	315	280
Q9UIK4	kd273	cre273	23	301	279	1z9x	12	314	280
Q9UIK4	kd273	cre273	23	301	279	1zws	12	289	267
Q9UIK4	kd273	cre273	23	301	279	6paw	14	329	280
Q9Y243	kd276	cre276	17	405	389	2x18	3	118	102
Q96NX5	kd243	cre243	23	317	295	2jam	16	302	280
Q96RG2	kd244	cre244	183	1251	1069	1ll8	131	237	55
Q96RG2	kd244	cre244	183	1251	1069	3dls	982	1267	270
Q96RR4	kd245	cre245	165	499	335	2zv2	160	448	284
Q96RR4	kd245	cre245	165	499	335	5yv8	160	448	284
Q96RR4	kd245	cre245	165	499	335	5yv9	160	448	284
Q96RR4	kd245	cre245	165	499	335	5yva	160	448	284
Q96RR4	kd245	cre245	165	499	335	5yvb	160	448	284
Q96RR4	kd245	cre245	165	499	335	5yvc	160	448	284
Q96RR4	kd245	cre245	165	499	335	6cmj	161	463	299
Q96RR4	kd245	cre245	165	499	335	5uyj	161	449	285
Q96RR4	kd245	cre245	165	499	335	5uy6	161	448	284
Q96RR4	kd245	cre245	165	499	335	5vt1	161	448	284
Q96RR4	kd245	cre245	165	499	335	6ble	161	448	284
Q96RR4	kd245	cre245	165	499	335	6bql	161	448	284
Q96RR4	kd245	cre245	165	499	335	6bqp	161	448	284
Q96RR4	kd245	cre245	165	499	335	6bqq	161	448	284
Q96RR4	kd245	cre245	165	499	335	6brc	161	448	284
Q96RR4	kd245	cre245	165	499	335	6bku	162	448	284
Q00944	kd110	cre110	35	680	646	2j0m	31	686	647
Q00944	kd110	cre110	35	680	646	2al6	31	403	369
Q00944	kd110	cre110	35	680	646	6cb0	31	402	368
Q00944	kd110	cre110	35	680	646	4cye	33	401	367
Q00944	kd110	cre110	35	680	646	2aeh	33	363	329
Q00944	kd110	cre110	35	680	646	6ty4	34	686	647
Q00944	kd110	cre110	35	680	646	3zdt	34	401	367
Q00944	kd110	cre110	35	680	646	2j0j	35	686	646
Q00944	kd110	cre110	35	680	646	2j0k	35	686	646
Q00944	kd110	cre110	35	680	646	6ty3	35	686	646
Q00944	kd110	cre110	35	680	646	2j0l	411	686	270
Q00944	kd110	cre110	35	680	646	4d4r	412	685	269
Q00944	kd110	cre110	35	680	646	2jkm	413	686	268
Q00944	kd110	cre110	35	680	646	6gcx	413	686	268
Q00944	kd110	cre110	35	680	646	4d55	413	685	268
Q00944	kd110	cre110	35	680	646	2jkk	413	684	268
Q00944	kd110	cre110	35	680	646	4brx	413	684	268
Q00944	kd110	cre110	35	680	646	6gcr	413	684	268
Q00944	kd110	cre110	35	680	646	2jkq	414	686	267
Q00944	kd110	cre110	35	680	646	4d58	414	686	267
Q00944	kd110	cre110	35	680	646	4d5k	414	686	267
Q00944	kd110	cre110	35	680	646	6gcw	414	686	267
Q00944	kd110	cre110	35	680	646	4c7t	414	684	267
Q00944	kd110	cre110	35	680	646	2jko	415	686	266
Q00944	kd110	cre110	35	680	646	4d4s	415	686	266
Q00944	kd110	cre110	35	680	646	4d4v	415	686	266
Q00944	kd110	cre110	35	680	646	4d4y	415	686	266
Q00944	kd110	cre110	35	680	646	4d5h	415	686	266
Q01974	kd111	cre111	473	746	274	4gt4	464	752	275
Q01974	kd111	cre111	473	746	274	3zzw	466	750	275
Q02750	kd112	cre112	68	361	294	7b3m	37	382	295
Q02750	kd112	cre112	68	361	294	7b7r	37	382	295
Q02750	kd112	cre112	68	361	294	7b94	37	382	295
Q02750	kd112	cre112	68	361	294	7b9l	37	382	295
Q02750	kd112	cre112	68	361	294	6pp9	38	383	295
Q02750	kd112	cre112	68	361	294	3eqc	39	382	295
Q02750	kd112	cre112	68	361	294	3eqd	39	382	295
Q02750	kd112	cre112	68	361	294	3eqi	39	382	295
Q02750	kd112	cre112	68	361	294	3w8q	39	382	295
Q02750	kd112	cre112	68	361	294	3zls	39	382	295
Q02750	kd112	cre112	68	361	294	3zlw	39	382	295
Q02750	kd112	cre112	68	361	294	3zlx	39	382	295
Q02750	kd112	cre112	68	361	294	5bx0	39	382	295
Q02750	kd112	cre112	68	361	294	5yt3	39	382	295
Q02750	kd112	cre112	68	361	294	7pqv	39	382	295
Q02750	kd112	cre112	68	361	294	3eqf	39	381	295
Q02750	kd112	cre112	68	361	294	3eqg	39	381	295
Q02750	kd112	cre112	68	361	294	3eqh	39	381	295
Q02750	kd112	cre112	68	361	294	6v2w	40	383	295
Q02750	kd112	cre112	68	361	294	7m0x	40	383	295
Q02750	kd112	cre112	68	361	294	3zly	40	382	295
Q02750	kd112	cre112	68	361	294	3zm4	40	382	295
Q02750	kd112	cre112	68	361	294	5eym	41	381	295
Q02750	kd112	cre112	68	361	294	7m0t	42	383	295
Q02750	kd112	cre112	68	361	294	7m0v	42	383	295
Q02750	kd112	cre112	68	361	294	7m0w	42	383	295
Q02750	kd112	cre112	68	361	294	7m0z	42	383	295
Q02750	kd112	cre112	68	361	294	7m0u	43	385	295
Q02750	kd112	cre112	68	361	294	6u2g	43	383	295
Q02750	kd112	cre112	68	361	294	5hze	43	382	295
Q02750	kd112	cre112	68	361	294	7m0y	43	382	295
Q02750	kd112	cre112	68	361	294	6q0j	43	379	295
Q02750	kd112	cre112	68	361	294	6q0t	43	379	295
Q02750	kd112	cre112	68	361	294	3sls	45	383	295
Q02750	kd112	cre112	68	361	294	7mfd	52	383	295
Q02750	kd112	cre112	68	361	294	6nyb	56	383	295
Q02750	kd112	cre112	68	361	294	4an2	61	381	295
Q02750	kd112	cre112	68	361	294	4an3	61	381	295
Q02750	kd112	cre112	68	361	294	4an9	61	381	295
Q02750	kd112	cre112	68	361	294	4anb	61	381	295
Q02750	kd112	cre112	68	361	294	1s9j	62	382	295
Q02750	kd112	cre112	68	361	294	2p55	62	382	295
Q02750	kd112	cre112	68	361	294	3dv3	62	382	295
Q02750	kd112	cre112	68	361	294	3e8n	62	382	295
Q02750	kd112	cre112	68	361	294	3eqb	62	382	295
Q02750	kd112	cre112	68	361	294	3pp1	62	382	295
Q02750	kd112	cre112	68	361	294	3v01	62	382	295
Q02750	kd112	cre112	68	361	294	3v04	62	382	295
Q02750	kd112	cre112	68	361	294	3vvh	62	382	295
Q02750	kd112	cre112	68	361	294	4ark	62	382	295
Q02750	kd112	cre112	68	361	294	4lmn	62	382	295
Q02750	kd112	cre112	68	361	294	4mne	62	382	295
Q02750	kd112	cre112	68	361	294	4u7z	62	382	295
Q02750	kd112	cre112	68	361	294	4u81	62	382	295
Q02750	kd112	cre112	68	361	294	3mbl	62	381	295
Q02750	kd112	cre112	68	361	294	3orn	62	380	295
Q02750	kd112	cre112	68	361	294	3wig	62	380	295
Q02750	kd112	cre112	68	361	294	4u80	62	379	295
Q02750	kd112	cre112	68	361	294	3os3	62	378	295
Q02750	kd112	cre112	68	361	294	3dy7	62	364	295
Q06486	kd113	cre113	9	342	334	1cki	1	299	291
Q06486	kd113	cre113	9	342	334	1ckj	1	296	288
Q06850	kd114	cre114	150	444	295	2aao	433	587	12
Q07912	kd115	cre115	126	880	755	4hzs	115	446	321
Q07912	kd115	cre115	126	880	755	1u54	115	390	265
Q07912	kd115	cre115	126	880	755	3eqp	117	392	267
Q07912	kd115	cre115	126	880	755	3eqr	117	392	267
Q07912	kd115	cre115	126	880	755	6vqm	117	392	267
Q07912	kd115	cre115	126	880	755	4ewh	117	391	266
Q07912	kd115	cre115	126	880	755	7kp6	117	391	266
Q07912	kd115	cre115	126	880	755	1u46	117	390	265
Q07912	kd115	cre115	126	880	755	1u4d	117	390	265
Q07912	kd115	cre115	126	880	755	4hzr	117	389	264
Q07912	kd115	cre115	126	880	755	4id7	117	389	264
Q07912	kd115	cre115	126	880	755	5zxb	117	389	264
Q07912	kd115	cre115	126	880	755	1cf4	446	489	43
Q13043	kd121	cre121	30	431	402	3com	16	300	271
Q13043	kd121	cre121	30	431	402	6yat	18	308	279
Q13043	kd121	cre121	30	431	402	8a5j	28	309	280
Q13043	kd121	cre121	30	431	402	5twg	353	356	3
Q13043	kd121	cre121	30	431	402	5twh	367	371	4
Q13043	kd121	cre121	30	431	402	7cec	412	480	20
Q13043	kd121	cre121	30	431	402	7ceb	412	479	20
Q13043	kd121	cre121	30	431	402	7cea	414	480	18
Q13131	kd122	cre122	27	381	355	5ezv	19	377	351
Q13131	kd122	cre122	27	381	355	4rer	20	559	356
Q13131	kd122	cre122	27	381	355	4rew	20	559	356
Q13131	kd122	cre122	27	381	355	6c9j	22	559	356
Q13131	kd122	cre122	27	381	355	7jhg	22	559	356
Q13131	kd122	cre122	27	381	355	7jhh	22	559	356
Q13131	kd122	cre122	27	381	355	7jij	22	559	356
Q13131	kd122	cre122	27	381	355	7m74	22	559	356
Q13131	kd122	cre122	27	381	355	6c9f	22	558	356
Q13131	kd122	cre122	27	381	355	6c9g	22	558	356
Q13131	kd122	cre122	27	381	355	6c9h	22	558	356
Q13131	kd122	cre122	27	381	355	4red	22	360	334
Q13153	kd123	cre123	83	521	439	2qme	74	97	15
Q13153	kd123	cre123	83	521	439	1f3m	78	542	440
Q13153	kd123	cre123	83	521	439	1zsg	183	204	21
Q13153	kd123	cre123	83	521	439	3dvp	213	221	8
Q13153	kd123	cre123	83	521	439	4daw	249	542	273
Q13153	kd123	cre123	83	521	439	4o0r	249	542	273
Q13153	kd123	cre123	83	521	439	4zjj	249	542	273
Q13153	kd123	cre123	83	521	439	1yhv	249	541	273
Q13153	kd123	cre123	83	521	439	1yhw	249	541	273
Q13153	kd123	cre123	83	521	439	2hy8	249	541	273
Q13153	kd123	cre123	83	521	439	3fxz	249	541	273
Q13153	kd123	cre123	83	521	439	3fy0	249	541	273
Q13153	kd123	cre123	83	521	439	4eqc	249	541	273
Q13153	kd123	cre123	83	521	439	4zy4	249	541	273
Q13153	kd123	cre123	83	521	439	5dfp	249	541	273
Q13153	kd123	cre123	83	521	439	3q4z	250	545	272
Q13153	kd123	cre123	83	521	439	5ime	250	545	272
Q13153	kd123	cre123	83	521	439	5dew	250	544	272
Q13153	kd123	cre123	83	521	439	5dey	250	544	272
Q13153	kd123	cre123	83	521	439	4zlo	250	543	272
Q13153	kd123	cre123	83	521	439	3q52	250	542	272
Q13153	kd123	cre123	83	521	439	4p90	250	542	272
Q13153	kd123	cre123	83	521	439	4zji	250	542	272
Q13153	kd123	cre123	83	521	439	3q53	250	541	272
Q13153	kd123	cre123	83	521	439	4o0t	251	542	271
Q13153	kd123	cre123	83	521	439	4zy5	251	542	271
Q13153	kd123	cre123	83	521	439	4zy6	251	542	271
Q13153	kd123	cre123	83	521	439	6b16	251	542	271
Q13153	kd123	cre123	83	521	439	5kbq	254	542	268
Q13153	kd123	cre123	83	521	439	5kbr	255	542	267
Q13164	kd124	cre124	55	575	521	4ic8	40	390	336
Q13164	kd124	cre124	55	575	521	4ic7	46	400	346
Q13164	kd124	cre124	55	575	521	4b99	47	393	339
Q13164	kd124	cre124	55	575	521	4zsg	47	393	339
Q13164	kd124	cre124	55	575	521	5byz	48	395	341
Q13164	kd124	cre124	55	575	521	5byy	49	394	340
Q13164	kd124	cre124	55	575	521	4zsj	50	393	339
Q13164	kd124	cre124	55	575	521	4zsl	53	393	339
Q13164	kd124	cre124	55	575	521	6hkm	54	395	341
Q13164	kd124	cre124	55	575	521	5o7i	54	393	339
Q13164	kd124	cre124	55	575	521	6hkn	54	393	339
Q13164	kd124	cre124	55	575	521	7pus	54	393	339
Q13164	kd124	cre124	55	575	521	2q8y	215	223	8
Q13164	kd124	cre125	55	816	762	4ic8	40	390	336
Q13164	kd124	cre125	55	816	762	4ic7	46	400	346
Q13164	kd124	cre125	55	816	762	4b99	47	393	339
Q13164	kd124	cre125	55	816	762	4zsg	47	393	339
Q13164	kd124	cre125	55	816	762	5byz	48	395	341
Q13164	kd124	cre125	55	816	762	5byy	49	394	340
Q13164	kd124	cre125	55	816	762	4zsj	50	393	339
Q13164	kd124	cre125	55	816	762	4zsl	53	393	339
Q13164	kd124	cre125	55	816	762	6hkm	54	395	341
Q13164	kd124	cre125	55	816	762	5o7i	54	393	339
Q13164	kd124	cre125	55	816	762	6hkn	54	393	339
Q13164	kd124	cre125	55	816	762	7pus	54	393	339
Q13164	kd124	cre125	55	816	762	2q8y	215	223	8
Q13177	kd125	cre126	83	499	417	3pcs	122	135	13
Q13188	kd126	cre127	27	435	409	4lgd	10	490	410
Q13188	kd126	cre127	27	435	409	4lg4	18	310	284
Q13188	kd126	cre127	27	435	409	5dh3	18	307	281
Q13188	kd126	cre127	27	435	409	8a66	18	304	278
Q13188	kd126	cre127	27	435	409	6ao5	28	488	408
Q13188	kd126	cre127	27	435	409	6ar2	376	381	5
Q13188	kd126	cre127	27	435	409	5brm	377	399	22
Q13233	kd127	cre128	1	1508	1508	6whb	548	867	319
Q13233	kd127	cre129	554	1508	955	6whb	548	867	314
Q13464	kd128	cre130	76	1354	1279	2esm	6	405	330
Q13464	kd128	cre130	76	1354	1279	2etk	6	405	330
Q13464	kd128	cre130	76	1354	1279	2etr	6	405	330
Q13464	kd128	cre130	76	1354	1279	3d9v	6	405	330
Q13464	kd128	cre130	76	1354	1279	4w7p	6	405	330
Q13464	kd128	cre130	76	1354	1279	4yvc	6	405	330
Q13464	kd128	cre130	76	1354	1279	4yve	6	405	330
Q13464	kd128	cre130	76	1354	1279	5bml	6	405	330
Q13464	kd128	cre130	76	1354	1279	5hvu	6	405	330
Q13464	kd128	cre130	76	1354	1279	5kks	6	405	330
Q13464	kd128	cre130	76	1354	1279	5kkt	6	405	330
Q13464	kd128	cre130	76	1354	1279	5uzj	6	405	330
Q13464	kd128	cre130	76	1354	1279	2v55	6	404	329
Q13464	kd128	cre130	76	1354	1279	3ncz	6	404	329
Q13464	kd128	cre130	76	1354	1279	3ndm	6	402	327
Q13464	kd128	cre130	76	1354	1279	3tv7	6	402	327
Q13464	kd128	cre130	76	1354	1279	3v8s	6	402	327
Q13464	kd128	cre130	76	1354	1279	5wne	6	402	327
Q13464	kd128	cre130	76	1354	1279	5wnf	6	402	327
Q13464	kd128	cre130	76	1354	1279	5wng	6	402	327
Q13464	kd128	cre130	76	1354	1279	5wnh	6	402	327
Q13464	kd128	cre130	76	1354	1279	6e9w	7	404	329
Q13464	kd128	cre130	76	1354	1279	3twj	7	402	327
Q13464	kd128	cre130	76	1354	1279	7jou	9	402	327
Q13464	kd128	cre130	76	1354	1279	3o0z	535	693	158
Q13464	kd128	cre130	76	1354	1279	4l2w	835	904	69
Q13464	kd128	cre130	76	1354	1279	5f5p	835	895	60
Q13464	kd128	cre130	76	1354	1279	1s1c	947	1014	67
Q13554	kd129	cre131	14	292	279	3bhh	11	301	280
Q13555	kd130	cre132	14	292	279	2v7o	3	302	280
Q13557	kd131	cre133	14	292	279	5vlo	7	300	280
Q13557	kd131	cre133	14	292	279	6ayw	7	300	280
Q13557	kd131	cre133	14	292	279	2wel	10	316	280
Q13557	kd131	cre133	14	292	279	2vn9	10	309	280
Q13976	kd132	cre134	50	619	570	7lv3	57	671	563
Q13976	kd132	cre134	50	619	570	7mbj	79	204	125
Q13976	kd132	cre134	50	619	570	4z07	84	336	252
Q13976	kd132	cre134	50	619	570	3ocp	84	204	120
Q13976	kd132	cre134	50	619	570	3ogj	84	204	120
Q13976	kd132	cre134	50	619	570	3od0	84	203	119
Q13976	kd132	cre134	50	619	570	7ssb	203	328	125
Q13976	kd132	cre134	50	619	570	4ku8	204	351	147
Q13976	kd132	cre134	50	619	570	5j48	204	336	132
Q13976	kd132	cre134	50	619	570	5l0n	205	331	126
Q13976	kd132	cre134	50	619	570	4qx5	207	336	129
Q13976	kd132	cre134	50	619	570	5jax	207	336	129
Q13976	kd132	cre134	50	619	570	5jd7	207	336	129
Q13976	kd132	cre134	50	619	570	4ku7	208	336	128
Q13976	kd132	cre134	50	619	570	4qxk	208	336	128
Q13976	kd132	cre134	50	619	570	6bg2	336	671	284
Q13976	kd132	cre134	50	619	570	6bdl	337	671	283
Q13976	kd132	cre134	50	619	570	6c0t	337	671	283
Q14012	kd133	cre135	20	316	297	4fg7	9	277	258
Q14012	kd133	cre135	20	316	297	4fg9	10	314	295
Q14012	kd133	cre135	20	316	297	4fg8	10	299	280
Q14012	kd133	cre135	20	316	297	4fgb	10	299	280
Q14680	kd134	cre136	11	651	641	5twu	1	335	325
Q14680	kd134	cre136	11	651	641	6gvx	1	335	325
Q14680	kd134	cre136	11	651	641	5tx3	1	334	324
Q14680	kd134	cre136	11	651	641	4d2p	1	333	323
Q14680	kd134	cre136	11	651	641	4d2t	1	333	323
Q14680	kd134	cre136	11	651	641	4d2v	1	333	323
Q14680	kd134	cre136	11	651	641	4d2w	1	333	323
Q14680	kd134	cre136	11	651	641	4ump	1	333	323
Q14680	kd134	cre136	11	651	641	6vxr	1	332	322
Q14680	kd134	cre136	11	651	641	4ixp	2	335	325
Q14680	kd134	cre136	11	651	641	4bkz	2	334	324
Q14680	kd134	cre136	11	651	641	4bl1	2	333	323
Q14680	kd134	cre136	11	651	641	5m5a	2	333	323
Q14680	kd134	cre136	11	651	641	5maf	2	333	323
Q14680	kd134	cre136	11	651	641	5mah	2	333	323
Q14680	kd134	cre136	11	651	641	5mai	2	333	323
Q14680	kd134	cre136	11	651	641	5tvt	2	333	323
Q14680	kd134	cre136	11	651	641	5twl	2	333	323
Q14680	kd134	cre136	11	651	641	5twy	2	333	323
Q14680	kd134	cre136	11	651	641	5twz	2	333	323
Q14680	kd134	cre136	11	651	641	5mag	3	335	325
Q14680	kd134	cre136	11	651	641	4bky	3	333	323
Q14680	kd134	cre136	11	651	641	4umt	3	333	323
Q14680	kd134	cre136	11	651	641	4umu	3	333	323
Q14680	kd134	cre136	11	651	641	5ih8	3	327	317
Q14680	kd134	cre136	11	651	641	5ih9	3	327	317
Q14680	kd134	cre136	11	651	641	5iha	3	327	317
Q14680	kd134	cre136	11	651	641	5ihc	3	327	317
Q14680	kd134	cre136	11	651	641	5k00	3	327	317
Q14680	kd134	cre136	11	651	641	4umq	5	333	323
Q14680	kd134	cre136	11	651	641	4umr	6	333	323
Q15418	kd137	cre138	62	706	645	2z7r	53	340	279
Q15418	kd137	cre138	62	706	645	2z7q	56	340	279
Q15418	kd137	cre138	62	706	645	2z7s	56	340	279
Q15418	kd137	cre138	62	706	645	4nif	413	728	294
Q15418	kd137	cre138	62	706	645	2wnt	415	709	292
Q15418	kd137	cre138	62	706	645	3rny	418	708	289
Q15418	kd137	cre138	62	706	645	5csi	696	731	11
Q15418	kd137	cre138	62	706	645	5csj	696	731	11
Q15418	kd137	cre138	62	706	645	5csf	697	731	10
Q15418	kd137	cre138	62	706	645	5csn	697	715	10
Q15418	kd138	cre138	418	706	289	4nif	413	728	290
Q15418	kd138	cre138	418	706	289	2wnt	415	709	290
Q15418	kd138	cre138	418	706	289	3rny	418	708	289
Q15418	kd138	cre138	418	706	289	5csi	696	731	11
Q15418	kd138	cre138	418	706	289	5csj	696	731	11
Q15418	kd138	cre138	418	706	289	5csf	697	731	10
Q15418	kd138	cre138	418	706	289	5csn	697	715	10
Q16566	kd139	cre139	46	321	276	2w4o	34	337	277
Q16584	kd140	cre140	43	379	337	5k26	42	105	63
Q16584	kd140	cre140	43	379	337	6cq7	43	108	65
Q16584	kd140	cre140	43	379	337	6aqb	44	108	64
Q16584	kd140	cre140	43	379	337	5k28	44	103	59
Q16620	kd141	cre141	287	807	521	1wwb	283	385	99
Q16620	kd141	cre141	287	807	521	5mo9	283	384	98
Q16620	kd141	cre141	287	807	521	1hcf	284	383	97
Q16620	kd141	cre141	287	807	521	2mfq	497	519	22
Q16620	kd141	cre141	287	807	521	4asz	527	822	281
Q16620	kd141	cre141	287	807	521	4at3	527	822	281
Q16620	kd141	cre141	287	807	521	4at4	527	822	281
Q16620	kd141	cre141	287	807	521	4at5	527	822	281
Q16644	kd142	cre142	44	382	339	3fhr	33	349	306
Q16644	kd142	cre142	44	382	339	3fxw	33	349	306
Q16644	kd142	cre142	44	382	339	7nrb	33	349	306
Q16644	kd142	cre142	44	382	339	3r1n	33	348	305
Q16644	kd142	cre142	44	382	339	3she	33	348	305
Q61036	kd177	cre177	65	534	470	1ees	65	123	58
Q61846	kd178	cre178	11	643	633	4bfm	2	326	316
Q61846	kd178	cre178	11	643	633	4cqg	2	326	316
Q62120	kd181	cre180	619	1124	506	2hdx	810	818	8
Q62120	kd181	cre180	619	1124	506	4gl9	843	1130	282
Q62120	kd181	cre181	725	1124	400	2hdx	810	818	8
Q62120	kd181	cre181	725	1124	400	4gl9	843	1130	282
Q63450	kd183	cre183	20	312	293	1a06	10	316	294
Q63450	kd183	cre183	20	312	293	1mxe	294	318	19
Q63450	kd183	cre183	20	312	293	2l7l	299	320	14
Q64303	kd184	cre184	69	500	432	2df6	180	197	17
Q92918	kd240	cre240	17	687	671	7m0m	2	294	278
Q92918	kd240	cre240	17	687	671	6cqd	2	293	277
Q92918	kd240	cre240	17	687	671	7r9n	3	293	277
Q92918	kd240	cre240	17	687	671	7r9p	3	293	277
Q92918	kd240	cre240	17	687	671	7r9t	3	293	277
Q92918	kd240	cre240	17	687	671	6cqe	4	293	277
Q92918	kd240	cre240	17	687	671	7m0l	5	294	278
Q92918	kd240	cre240	17	687	671	7siu	5	294	278
Q92918	kd240	cre240	17	687	671	6nfz	5	292	276
Q92918	kd240	cre240	17	687	671	6ng0	6	302	286
Q92918	kd240	cre240	17	687	671	7l25	6	294	278
Q92918	kd240	cre240	17	687	671	7m0k	6	294	278
Q92918	kd240	cre240	17	687	671	6cqf	6	293	277
Q92918	kd240	cre240	17	687	671	7kac	7	304	288
Q92918	kd240	cre240	17	687	671	7l24	7	293	277
Q92918	kd240	cre240	17	687	671	7r9l	7	293	277
Q92918	kd240	cre240	17	687	671	7l26	8	294	278
Q92918	kd240	cre240	17	687	671	6nfy	10	292	276
Q99558	kd246	cre246	121	655	535	4idv	331	675	325
Q99558	kd246	cre246	121	655	535	6z1q	332	677	324
Q99558	kd246	cre246	121	655	535	6z1t	332	677	324
Q99558	kd246	cre246	121	655	535	4dn5	332	675	324
Q99558	kd246	cre246	121	655	535	4g3d	332	672	324
Q99558	kd246	cre246	121	655	535	4idt	333	677	323
Q99558	kd246	cre246	121	655	535	6wpp	343	674	313
Q99683	kd247	cre247	1	938	938	5ulm	272	655	383
Q99683	kd247	cre247	1	938	938	6oyt	667	939	272
Q99683	kd247	cre247	1	938	938	6vre	669	940	270
Q99683	kd247	cre247	1	938	938	7mu7	669	940	270
Q99683	kd247	cre247	1	938	938	4bic	670	941	269
Q99683	kd247	cre247	1	938	938	4bie	670	941	269
Q99683	kd247	cre247	1	938	938	2clq	670	940	269
Q99683	kd247	cre247	1	938	938	4bhn	670	940	269
Q99683	kd247	cre247	1	938	938	4bib	670	940	269
Q99683	kd247	cre247	1	938	938	4bid	670	940	269
Q99683	kd247	cre247	1	938	938	5uox	670	940	269
Q99683	kd247	cre247	1	938	938	5up3	670	940	269
Q99683	kd247	cre247	1	938	938	5v19	670	940	269
Q99683	kd247	cre247	1	938	938	5v24	670	940	269
Q99683	kd247	cre247	1	938	938	5vil	670	940	269
Q99683	kd247	cre247	1	938	938	5vio	670	940	269
Q99683	kd247	cre247	1	938	938	6e2m	670	940	269
Q99683	kd247	cre247	1	938	938	5uor	670	939	269
Q99683	kd247	cre247	1	938	938	6e2n	670	939	269
Q99683	kd247	cre247	1	938	938	6e2o	670	939	269
Q99683	kd247	cre247	1	938	938	4bf2	671	940	268
Q99683	kd247	cre247	1	938	938	6oyw	671	940	268
Q99683	kd247	cre247	1	938	938	6xih	671	940	268
Q99683	kd247	cre247	1	938	938	3vw6	671	939	268
