uniprot_acc	id_pdb	id_cre	id_kd	pdb
A5K0N4	5147	10	10	5fet
O74536	8034	21	21	3h4j
O74536	8035	21	21	3h4j
O75582	579	22	23	3kn5
O75582	582	22	23	3kn5
O75582	1045	22	23	7up7
O75582	1049	22	23	7up7
O75582	1670	22	23	3kn6
O75582	1674	22	23	3kn6
O75582	3400	22	23	7up5
O75582	3403	22	23	7up5
O75582	3407	22	23	7up6
O75582	6364	22	23	7up4
O75582	6367	22	23	7up4
O75582	8604	22	23	7up8
O75582	8608	22	23	7up8
P00519	136	36	38	3ue4
P00519	136	36	37	3ue4
P00519	137	36	38	3ue4
P00519	137	36	37	3ue4
P00519	433	36	38	2fo0
P00519	433	36	37	2fo0
P00519	883	36	38	6npu
P00519	883	36	37	6npu
P00519	885	36	38	6npu
P00519	885	36	37	6npu
P00519	981	36	38	7n9g
P00519	981	36	37	7n9g
P00519	984	36	38	7n9g
P00519	984	36	37	7n9g
P00519	992	36	38	7cc2
P00519	992	36	37	7cc2
P00519	994	36	38	7cc2
P00519	994	36	37	7cc2
P00519	1036	36	38	7w7x
P00519	1036	36	37	7w7x
P00519	1038	36	38	7w7x
P00519	1038	36	37	7w7x
P00519	1365	36	38	5mo4
P00519	1365	36	37	5mo4
P00519	1550	36	38	1opl
P00519	1550	36	37	1opl
P00519	1552	36	38	1opl
P00519	1552	36	37	1opl
P00519	1579	36	38	2hz0
P00519	1579	36	37	2hz0
P00519	1580	36	38	2hz0
P00519	1580	36	37	2hz0
P00519	1584	36	38	2hzi
P00519	1584	36	37	2hzi
P00519	1585	36	38	2hzi
P00519	1585	36	37	2hzi
P00519	1651	36	38	3cs9
P00519	1651	36	37	3cs9
P00519	1653	36	38	3cs9
P00519	1653	36	37	3cs9
P00519	1656	36	38	3cs9
P00519	1656	36	37	3cs9
P00519	1659	36	38	3cs9
P00519	1659	36	37	3cs9
P00519	1851	36	38	5hu9
P00519	1851	36	37	5hu9
P00519	2259	36	38	2hiw
P00519	2259	36	37	2hiw
P00519	2260	36	38	2hiw
P00519	2260	36	37	2hiw
P00519	2275	36	38	2v7a
P00519	2275	36	37	2v7a
P00519	2516	36	38	4xey
P00519	2516	36	37	4xey
P00519	2520	36	38	4xey
P00519	2520	36	37	4xey
P00519	2523	36	38	4yc8
P00519	2523	36	37	4yc8
P00519	2526	36	38	4yc8
P00519	2526	36	37	4yc8
P00519	2790	36	38	2hz4
P00519	2790	36	37	2hz4
P00519	2798	36	38	2hyy
P00519	2798	36	37	2hyy
P00519	2800	36	38	2hyy
P00519	2800	36	37	2hyy
P00519	2803	36	38	2hyy
P00519	2803	36	37	2hyy
P00519	3377	36	38	7w7y
P00519	3377	36	37	7w7y
P00519	3378	36	38	7w7y
P00519	3378	36	37	7w7y
P00519	3822	36	38	2g1t
P00519	3822	36	37	2g1t
P00519	3823	36	38	2g1t
P00519	3823	36	37	2g1t
P00519	3824	36	38	2g1t
P00519	3824	36	37	2g1t
P00519	3825	36	38	2g1t
P00519	3825	36	37	2g1t
P00519	3826	36	38	2g2f
P00519	3826	36	37	2g2f
P00519	4031	36	38	4zog
P00519	4031	36	37	4zog
P00519	4247	36	38	7dt2
P00519	4247	36	37	7dt2
P00519	4249	36	38	7dt2
P00519	4249	36	37	7dt2
P00519	4301	36	38	6xr6
P00519	4301	36	37	6xr6
P00519	4412	36	38	2f4j
P00519	4412	36	37	2f4j
P00519	4535	36	38	3qrk
P00519	4535	36	37	3qrk
P00519	4750	36	38	6bl8
P00519	4750	36	37	6bl8
P00519	4751	36	38	6bl8
P00519	4751	36	37	6bl8
P00519	4913	36	38	2g2h
P00519	4913	36	37	2g2h
P00519	4914	36	38	2g2h
P00519	4914	36	37	2g2h
P00519	5281	36	38	6npe
P00519	5281	36	37	6npe
P00519	5283	36	38	6npe
P00519	5283	36	37	6npe
P00519	5377	36	38	6xrg
P00519	5377	36	37	6xrg
P00519	5630	36	38	3qrj
P00519	5630	36	37	3qrj
P00519	5861	36	38	2e2b
P00519	5861	36	37	2e2b
P00519	5864	36	38	2e2b
P00519	5864	36	37	2e2b
P00519	5894	36	38	2gqg
P00519	5894	36	37	2gqg
P00519	5895	36	38	2gqg
P00519	5895	36	37	2gqg
P00519	5896	36	38	2g2i
P00519	5896	36	37	2g2i
P00519	5898	36	38	2g2i
P00519	5898	36	37	2g2i
P00519	6283	36	38	6xr7
P00519	6283	36	37	6xr7
P00519	6515	36	38	3qri
P00519	6515	36	37	3qri
P00519	6516	36	38	3qri
P00519	6516	36	37	3qri
P00519	7002	36	38	3pyy
P00519	7002	36	37	3pyy
P00519	7004	36	38	3pyy
P00519	7004	36	37	3pyy
P00519	7146	36	38	4twp
P00519	7146	36	37	4twp
P00519	7148	36	38	4twp
P00519	7148	36	37	4twp
P00519	7295	36	38	6npv
P00519	7295	36	37	6npv
P00519	7297	36	38	6npv
P00519	7297	36	37	6npv
P00523	52	38	40	2qq7
P00523	52	38	39	2qq7
P00523	56	38	40	2qq7
P00523	56	38	39	2qq7
P00523	114	38	40	3oez
P00523	114	38	39	3oez
P00523	116	38	40	3oez
P00523	116	38	39	3oez
P00523	202	38	40	4lgg
P00523	202	38	39	4lgg
P00523	206	38	40	4lgg
P00523	206	38	39	4lgg
P00523	248	38	40	4ybj
P00523	248	38	39	4ybj
P00523	251	38	40	4ybj
P00523	251	38	39	4ybj
P00523	438	38	40	2hwo
P00523	438	38	39	2hwo
P00523	442	38	40	2hwo
P00523	442	38	39	2hwo
P00523	535	38	40	3g6h
P00523	535	38	39	3g6h
P00523	537	38	40	3g6h
P00523	537	38	39	3g6h
P00523	546	38	40	3el7
P00523	546	38	39	3el7
P00523	548	38	40	3el8
P00523	548	38	39	3el8
P00523	551	38	40	3el8
P00523	551	38	39	3el8
P00523	556	38	40	3en7
P00523	556	38	39	3en7
P00523	561	38	40	3en7
P00523	561	38	39	3en7
P00523	600	38	40	3uqg
P00523	600	38	39	3uqg
P00523	604	38	40	3uqg
P00523	604	38	39	3uqg
P00523	611	38	40	3qlf
P00523	611	38	39	3qlf
P00523	615	38	40	3qlf
P00523	615	38	39	3qlf
P00523	730	38	40	4u5j
P00523	730	38	39	4u5j
P00523	732	38	40	4u5j
P00523	732	38	39	4u5j
P00523	1187	38	40	3svv
P00523	1187	38	39	3svv
P00523	1191	38	40	3svv
P00523	1191	38	39	3svv
P00523	1629	38	40	3f6x
P00523	1629	38	39	3f6x
P00523	1632	38	40	3f6x
P00523	1632	38	39	3f6x
P00523	1635	38	40	3f6x
P00523	1635	38	39	3f6x
P00523	1637	38	40	3f6x
P00523	1637	38	39	3f6x
P00523	1645	38	40	3en6
P00523	1645	38	39	3en6
P00523	1650	38	40	3en6
P00523	1650	38	39	3en6
P00523	1780	38	40	4mcv
P00523	1780	38	39	4mcv
P00523	1783	38	40	4mcv
P00523	1783	38	39	4mcv
P00523	1822	38	40	5d11
P00523	1822	38	39	5d11
P00523	1825	38	40	5d11
P00523	1825	38	39	5d11
P00523	2109	38	40	7d5o
P00523	2109	38	39	7d5o
P00523	2114	38	40	7d5o
P00523	2114	38	39	7d5o
P00523	2143	38	40	7wf5
P00523	2143	38	39	7wf5
P00523	2145	38	40	7wf5
P00523	2145	38	39	7wf5
P00523	2313	38	40	3f3v
P00523	2313	38	39	3f3v
P00523	2315	38	40	3f3v
P00523	2315	38	39	3f3v
P00523	2318	38	40	3g6g
P00523	2318	38	39	3g6g
P00523	2320	38	40	3g6g
P00523	2320	38	39	3g6g
P00523	2341	38	40	3of0
P00523	2341	38	39	3of0
P00523	2345	38	40	3of0
P00523	2345	38	39	3of0
P00523	2395	38	40	4dgg
P00523	2395	38	39	4dgg
P00523	2398	38	40	4dgg
P00523	2398	38	39	4dgg
P00523	2448	38	40	4lgh
P00523	2448	38	39	4lgh
P00523	2452	38	40	4lgh
P00523	2452	38	39	4lgh
P00523	2469	38	40	4o2p
P00523	2469	38	39	4o2p
P00523	2472	38	40	4o2p
P00523	2472	38	39	4o2p
P00523	2630	38	40	5xp7
P00523	2630	38	39	5xp7
P00523	2632	38	40	5xp7
P00523	2632	38	39	5xp7
P00523	2909	38	40	3tz9
P00523	2909	38	39	3tz9
P00523	2911	38	40	3tz9
P00523	2911	38	39	3tz9
P00523	3076	38	40	5d10
P00523	3076	38	39	5d10
P00523	3079	38	40	5d10
P00523	3079	38	39	5d10
P00523	3142	38	40	5k9i
P00523	3142	38	39	5k9i
P00523	3144	38	40	5k9i
P00523	3144	38	39	5k9i
P00523	3471	38	40	3f3t
P00523	3471	38	39	3f3t
P00523	3475	38	40	3f3t
P00523	3475	38	39	3f3t
P00523	3690	38	40	5teh
P00523	3690	38	39	5teh
P00523	3692	38	40	5teh
P00523	3692	38	39	5teh
P00523	3890	38	40	3qlg
P00523	3890	38	39	3qlg
P00523	3893	38	40	3qlg
P00523	3893	38	39	3qlg
P00523	3899	38	40	3tz8
P00523	3899	38	39	3tz8
P00523	3901	38	40	3tz8
P00523	3901	38	39	3tz8
P00523	4176	38	40	6hve
P00523	4176	38	39	6hve
P00523	4179	38	40	6hve
P00523	4179	38	39	6hve
P00523	4235	38	40	7ah3
P00523	4235	38	39	7ah3
P00523	4238	38	40	7ah3
P00523	4238	38	39	7ah3
P00523	4482	38	40	3d7u
P00523	4482	38	39	3d7u
P00523	4484	38	40	3d7u
P00523	4484	38	39	3d7u
P00523	4487	38	40	3dqx
P00523	4487	38	39	3dqx
P00523	4489	38	40	3dqx
P00523	4489	38	39	3dqx
P00523	4514	38	40	3f3u
P00523	4514	38	39	3f3u
P00523	4517	38	40	3f3u
P00523	4517	38	39	3f3u
P00523	4519	38	40	3f3w
P00523	4519	38	39	3f3w
P00523	4521	38	40	3f3w
P00523	4521	38	39	3f3w
P00523	4671	38	40	5bmm
P00523	4671	38	39	5bmm
P00523	4672	38	40	5bmm
P00523	4672	38	39	5bmm
P00523	4944	38	40	3en5
P00523	4944	38	39	3en5
P00523	4946	38	40	3en5
P00523	4946	38	39	3en5
P00523	4949	38	40	3en4
P00523	4949	38	39	3en4
P00523	4951	38	40	3en4
P00523	4951	38	39	3en4
P00523	5039	38	40	4fic
P00523	5039	38	39	4fic
P00523	5042	38	40	4fic
P00523	5042	38	39	4fic
P00523	5291	38	40	6wiw
P00523	5291	38	39	6wiw
P00523	5293	38	40	6wiw
P00523	5293	38	39	6wiw
P00523	5307	38	40	7d57
P00523	5307	38	39	7d57
P00523	5312	38	40	7d57
P00523	5312	38	39	7d57
P00523	5521	37	40	2ptk
P00523	5521	37	39	2ptk
P00523	5523	38	40	2ptk
P00523	5523	38	39	2ptk
P00523	5543	38	40	2qi8
P00523	5543	38	39	2qi8
P00523	5547	38	40	2qi8
P00523	5547	38	39	2qi8
P00523	5589	38	40	3d7t
P00523	5589	38	39	3d7t
P00523	5772	38	40	5xp5
P00523	5772	38	39	5xp5
P00523	5774	38	40	5xp5
P00523	5774	38	39	5xp5
P00523	5885	38	40	2hwp
P00523	5885	38	39	2hwp
P00523	5889	38	40	2hwp
P00523	5889	38	39	2hwp
P00523	5953	38	40	3uqf
P00523	5953	38	39	3uqf
P00523	5956	38	40	3uqf
P00523	5956	38	39	3uqf
P00523	6498	38	40	3geq
P00523	6498	38	39	3geq
P00523	6500	38	40	3geq
P00523	6500	38	39	3geq
P00523	6631	38	40	4ybk
P00523	6631	38	39	4ybk
P00523	6650	38	40	5j5s
P00523	6650	38	39	5j5s
P00523	6653	38	40	5j5s
P00523	6653	38	39	5j5s
P00523	6661	38	40	5swh
P00523	6661	38	39	5swh
P00523	6663	38	40	5swh
P00523	6663	38	39	5swh
P00523	6800	38	40	6l8l
P00523	6800	38	39	6l8l
P00523	6802	38	40	6l8l
P00523	6802	38	39	6l8l
P00523	6804	38	40	6l8l
P00523	6804	38	39	6l8l
P00523	6807	38	40	6l8l
P00523	6807	38	39	6l8l
P00523	6869	38	40	2oiq
P00523	6869	38	39	2oiq
P00523	6871	38	40	2oiq
P00523	6871	38	39	2oiq
P00523	6900	38	40	2qlq
P00523	6900	38	39	2qlq
P00523	6903	38	40	2qlq
P00523	6903	38	39	2qlq
P00523	6998	38	40	3u4w
P00523	6998	38	39	3u4w
P00523	7008	38	40	3tz7
P00523	7008	38	39	3tz7
P00523	7010	38	40	3tz7
P00523	7010	38	39	3tz7
P00523	7151	38	40	5d12
P00523	7151	38	39	5d12
P00523	7154	38	40	5d12
P00523	7154	38	39	5d12
P00523	7207	38	40	5t0p
P00523	7207	38	39	5t0p
P00523	7209	38	40	5t0p
P00523	7209	38	39	5t0p
P00523	7498	38	40	3dqw
P00523	7498	38	39	3dqw
P00523	7499	38	40	3dqw
P00523	7499	38	39	3dqw
P00523	7500	38	40	3dqw
P00523	7500	38	39	3dqw
P00523	7501	38	40	3dqw
P00523	7501	38	39	3dqw
P00523	7522	38	40	3g5d
P00523	7522	38	39	3g5d
P00523	7526	38	40	3g5d
P00523	7526	38	39	3g5d
P00523	8072	38	40	3lok
P00523	8072	38	39	3lok
P00523	8076	38	40	3lok
P00523	8076	38	39	3lok
P00523	8091	38	40	3u51
P00523	8091	38	39	3u51
P00523	8093	38	40	3u51
P00523	8093	38	39	3u51
P00523	8181	38	40	4agw
P00523	8181	38	39	4agw
P00523	8183	38	40	4agw
P00523	8183	38	39	4agw
P00523	8378	38	40	5sys
P00523	8378	38	39	5sys
P00523	8380	38	40	5sys
P00523	8380	38	39	5sys
P00523	8422	38	40	6hvf
P00523	8422	38	39	6hvf
P00523	8426	38	40	6hvf
P00523	8426	38	39	6hvf
P00533	8	39	41	1m17
P00533	39	39	41	2itp
P00533	43	39	41	2jiv
P00533	46	39	41	2jiv
P00533	104	39	41	3lzb
P00533	106	39	41	3lzb
P00533	109	39	41	3lzb
P00533	112	39	41	3lzb
P00533	263	39	41	4zse
P00533	265	39	41	4zse
P00533	267	39	41	4zse
P00533	270	39	41	4zse
P00533	278	39	41	5c8k
P00533	293	39	41	5edq
P00533	330	39	41	5ug8
P00533	393	39	41	6jwl
P00533	395	39	41	6jx4
P00533	443	39	41	2j5e
P00533	573	39	41	3bel
P00533	670	39	41	4jq7
P00533	710	39	41	4rix
P00533	711	39	41	4rix
P00533	775	39	41	5fee
P00533	780	39	41	5feq
P00533	783	39	41	5hg9
P00533	810	39	41	5xdk
P00533	890	39	41	6tfv
P00533	893	39	41	6tfv
P00533	942	39	41	7ky0
P00533	946	39	41	7ky0
P00533	950	39	41	7ky0
P00533	952	39	41	7ky0
P00533	1021	39	41	4wrg
P00533	1029	39	41	4i23
P00533	1058	39	41	1xkk
P00533	1071	39	41	2ito
P00533	1074	39	41	2itz
P00533	1090	39	41	2rfd
P00533	1094	39	41	2rfd
P00533	1259	39	41	4hjo
P00533	1282	39	41	4li5
P00533	1295	39	41	4rj8
P00533	1324	39	41	5cav
P00533	1328	39	41	5cal
P00533	1343	39	41	5hib
P00533	1347	39	41	5hic
P00533	1371	39	41	5uga
P00533	1378	39	41	5uwd
P00533	1412	39	41	5zto
P00533	1436	39	41	6duk
P00533	1438	39	41	6duk
P00533	1440	39	41	6duk
P00533	1441	39	41	6duk
P00533	1443	39	41	6duk
P00533	1445	39	41	6duk
P00533	1476	39	41	6tg1
P00533	1478	39	41	6tg1
P00533	1480	39	41	6wxn
P00533	1483	39	41	6wxn
P00533	1490	39	41	6wxn
P00533	1493	39	41	6wxn
P00533	1496	39	41	6z4b
P00533	1500	39	41	6z4b
P00533	1503	39	41	6z4d
P00533	1505	39	41	6z4d
P00533	1757	39	41	4jq8
P00533	1798	39	41	4r3p
P00533	1802	39	41	4r3r
P00533	1807	39	41	4rj6
P00533	1811	39	41	4rj4
P00533	1827	39	41	4zjv
P00533	1830	39	41	4zjv
P00533	1840	39	41	5em5
P00533	1868	39	41	5hg5
P00533	1944	39	41	5xdl
P00533	1949	39	41	5xgm
P00533	1974	39	41	7a2a
P00533	1976	39	41	7a2a
P00533	1985	39	41	6jrk
P00533	1989	39	41	6jrj
P00533	2041	39	41	6xl4
P00533	2043	39	41	6xl4
P00533	2046	39	41	6xl4
P00533	2049	39	41	6xl4
P00533	2057	39	41	7a6j
P00533	2059	39	41	7a6j
P00533	2072	39	41	7jxi
P00533	2075	39	41	7jxi
P00533	2079	39	41	7jxi
P00533	2083	39	41	7jxi
P00533	2212	39	41	1m14
P00533	2251	39	41	2eb3
P00533	2455	39	41	4lqm
P00533	2548	39	41	5cau
P00533	2552	39	41	5can
P00533	2555	39	41	5d41
P00533	2557	39	41	5d41
P00533	2571	39	41	5edr
P00533	2574	39	41	5gmp
P00533	2578	39	41	5hcy
P00533	2605	39	41	5u8l
P00533	2607	39	41	5ugb
P00533	2623	39	41	5x26
P00533	2626	39	41	5x2c
P00533	2628	39	41	5x2c
P00533	2635	39	41	5y25
P00533	2678	39	41	6jxt
P00533	2685	39	41	6p1l
P00533	2687	39	41	6p1l
P00533	2690	39	41	6p1l
P00533	2692	39	41	6p1l
P00533	2717	39	41	6s9d
P00533	2913	39	41	3w2r
P00533	2919	39	41	3vjn
P00533	3002	39	41	4jr3
P00533	3006	39	41	4g5j
P00533	3007	39	41	4g5p
P00533	3011	39	41	4g5p
P00533	3018	39	41	4ll0
P00533	3022	39	41	4ll0
P00533	3050	39	41	4tks
P00533	3082	39	41	5cnn
P00533	3084	39	41	5cnn
P00533	3140	39	41	5jeb
P00533	3237	39	41	6vhn
P00533	3253	39	41	7k1i
P00533	3257	39	41	7jxk
P00533	3259	39	41	7jxk
P00533	3261	39	41	7jxk
P00533	3263	39	41	7jxk
P00533	3265	39	41	7jxk
P00533	3268	39	41	7jxk
P00533	3291	39	41	7b85
P00533	3367	39	41	4i24
P00533	3369	39	41	4i24
P00533	3435	39	41	2itv
P00533	3444	39	41	2rf9
P00533	3449	39	41	2rf9
P00533	3627	39	41	5c8n
P00533	3641	39	41	5edp
P00533	3657	39	41	5hcx
P00533	3660	39	41	5j9z
P00533	3707	39	41	5x28
P00533	3737	39	41	6lub
P00533	3762	39	41	6tfy
P00533	3765	39	41	6tfy
P00533	3768	39	41	6tg0
P00533	3770	39	41	6tg0
P00533	3771	39	41	6v66
P00533	3773	39	41	6v66
P00533	3775	39	41	6v66
P00533	3776	39	41	6v66
P00533	3820	39	41	2j5f
P00533	4004	39	41	4rj7
P00533	4007	39	41	4riy
P00533	4008	39	41	4riy
P00533	4034	39	41	5czi
P00533	4066	39	41	5fed
P00533	4131	39	41	5xgn
P00533	4135	39	41	5xgn
P00533	4199	39	41	6v6o
P00533	4200	39	41	6v6o
P00533	4202	39	41	6v6o
P00533	4204	39	41	6v6o
P00533	4206	39	41	6v6o
P00533	4208	39	41	6v6o
P00533	4210	39	41	6v6o
P00533	4212	39	41	6v6o
P00533	4225	39	41	6wak
P00533	4228	39	41	6wak
P00533	4230	39	41	6wak
P00533	4233	39	41	6wak
P00533	4267	39	41	7oxb
P00533	4307	39	41	7jxm
P00533	4310	39	41	7jxm
P00533	4313	39	41	7jxm
P00533	4315	39	41	7jxm
P00533	4319	39	41	7lg8
P00533	4322	39	41	7lg8
P00533	4325	39	41	7lg8
P00533	4328	39	41	7lg8
P00533	4340	39	41	7vra
P00533	4342	39	41	4i20
P00533	4410	39	41	2eb2
P00533	4413	39	41	2itq
P00533	4416	39	41	2itt
P00533	4427	39	41	2jiu
P00533	4429	39	41	2jiu
P00533	4724	39	41	5ug9
P00533	4741	39	41	5x2f
P00533	4743	39	41	5x2f
P00533	4745	39	41	5x2f
P00533	4747	39	41	5x2f
P00533	4782	39	41	6d8e
P00533	4800	39	41	6p1d
P00533	4802	39	41	6p1d
P00533	4804	39	41	6p1d
P00533	4806	39	41	6p1d
P00533	4818	39	41	6s9b
P00533	4823	39	41	6s9c
P00533	4902	39	41	2j6m
P00533	4905	39	41	2gs2
P00533	4908	39	41	2gs7
P00533	4911	39	41	2gs7
P00533	4967	39	41	3ug1
P00533	5087	39	41	4jrv
P00533	5139	39	41	5gtz
P00533	5202	39	41	5y9t
P00533	5211	39	41	5zwj
P00533	5271	39	41	6p8q
P00533	5273	39	41	6p8q
P00533	5274	39	41	6p8q
P00533	5276	39	41	6p8q
P00533	5296	39	41	6vhp
P00533	5304	39	41	7aei
P00533	5331	39	41	7kxz
P00533	5410	39	41	7jxw
P00533	5412	39	41	7jxw
P00533	5414	39	41	7jxw
P00533	5417	39	41	7jxw
P00533	5419	39	41	7ltx
P00533	5421	39	41	7ltx
P00533	5423	39	41	7ltx
P00533	5425	39	41	7ltx
P00533	5429	39	41	7lgs
P00533	5430	39	41	7lgs
P00533	5432	39	41	7lgs
P00533	5435	39	41	7lgs
P00533	5443	39	41	7vre
P00533	5451	39	41	4i22
P00533	5452	39	41	8d73
P00533	5453	39	41	8d73
P00533	5510	39	41	2itn
P00533	5597	39	41	3gt8
P00533	5599	39	41	3gt8
P00533	5601	39	41	3gt8
P00533	5603	39	41	3gt8
P00533	5739	39	41	5caq
P00533	5743	39	41	5cao
P00533	5746	39	41	5gnk
P00533	5748	39	41	5j9y
P00533	5962	39	41	3poz
P00533	5964	39	41	3w2q
P00533	5967	39	41	3w2s
P00533	5970	39	41	3w33
P00533	6059	39	41	4rj5
P00533	6146	39	41	5em7
P00533	6234	39	41	6tfw
P00533	6237	39	41	6tfw
P00533	6240	39	41	6tfu
P00533	6244	39	41	6tfu
P00533	6311	39	41	7jxq
P00533	6313	39	41	7jxq
P00533	6315	39	41	7jxq
P00533	6317	39	41	7jxq
P00533	6409	39	41	2itu
P00533	6412	39	41	2itx
P00533	6415	39	41	2ity
P00533	6417	39	41	2jit
P00533	6419	39	41	2jit
P00533	6450	39	41	2rfe
P00533	6453	39	41	2rfe
P00533	6458	39	41	2rfe
P00533	6461	39	41	2rfe
P00533	6466	39	41	2rgp
P00533	6609	39	41	4r5s
P00533	6675	39	41	5ugc
P00533	6726	39	41	5x27
P00533	6729	39	41	5x2a
P00533	6731	39	41	5x2a
P00533	6734	39	41	5x2a
P00533	6737	39	41	5x2a
P00533	6742	39	41	5yu9
P00533	6745	39	41	5yu9
P00533	6748	39	41	5yu9
P00533	6751	39	41	5yu9
P00533	6797	39	41	6jx0
P00533	6828	39	41	6tfz
P00533	6830	39	41	6tfz
P00533	6831	39	41	6v5n
P00533	6833	39	41	6v5n
P00533	6835	39	41	6v5n
P00533	6836	39	41	6v5n
P00533	6837	39	41	6v5p
P00533	6839	39	41	6v5p
P00533	6841	39	41	6v5p
P00533	6842	39	41	6v5p
P00533	7011	39	41	3w2p
P00533	7013	39	41	3w2o
P00533	7015	39	41	3w32
P00533	7018	39	41	3vjo
P00533	7100	39	41	4i1z
P00533	7111	39	41	4lrm
P00533	7112	39	41	4lrm
P00533	7113	39	41	4lrm
P00533	7114	39	41	4lrm
P00533	7115	39	41	4lrm
P00533	7123	39	41	4wd5
P00533	7127	39	41	4wd5
P00533	7138	39	41	4wkq
P00533	7167	39	41	4zau
P00533	7179	39	41	5em8
P00533	7190	39	41	5hg7
P00533	7310	39	41	6vh4
P00533	7326	39	41	7a6k
P00533	7329	39	41	7a6k
P00533	7333	39	41	7a6k
P00533	7337	39	41	7a6k
P00533	7387	39	41	7er2
P00533	7395	39	41	7jxp
P00533	7396	39	41	7jxp
P00533	7398	39	41	7jxp
P00533	7400	39	41	7jxp
P00533	7402	39	41	7jxp
P00533	7405	39	41	7jxp
P00533	7425	39	41	7tvd
P00533	7427	39	41	8d76
P00533	7428	39	41	8d76
P00533	7472	39	41	2itw
P00533	7735	39	41	5c8m
P00533	7738	39	41	5cap
P00533	7742	39	41	5cas
P00533	7753	39	41	5hcz
P00533	7778	39	41	5x2k
P00533	7833	39	41	6jz0
P00533	7836	39	41	6lud
P00533	7886	39	41	6s89
P00533	7888	39	41	6s8a
P00533	7900	39	41	6v6k
P00533	7903	39	41	6v6k
P00533	7905	39	41	6v6k
P00533	7906	39	41	6v6k
P00533	7908	39	41	6v6k
P00533	7910	39	41	6v6k
P00533	7911	39	41	6v6k
P00533	7912	39	41	6v6k
P00533	8004	39	41	2gs6
P00533	8030	39	41	3gop
P00533	8062	39	41	3ika
P00533	8065	39	41	3ika
P00533	8096	39	41	3ug2
P00533	8275	39	41	4riw
P00533	8276	39	41	4riw
P00533	8289	39	41	5czh
P00533	8293	39	41	5cno
P00533	8296	39	41	5cno
P00533	8312	39	41	5em6
P00533	8316	39	41	5gty
P00533	8319	39	41	5gty
P00533	8322	39	41	5gty
P00533	8325	39	41	5gty
P00533	8328	39	41	5gty
P00533	8331	39	41	5gty
P00533	8334	39	41	5gty
P00533	8337	39	41	5gty
P00533	8339	39	41	5hg8
P00533	8430	39	41	6jrx
P00533	8469	39	41	6wa2
P00533	8471	39	41	6wa2
P00533	8474	39	41	6wa2
P00533	8475	39	41	6wa2
P00533	8477	39	41	7aem
P00533	8479	39	41	7a6i
P00533	8492	39	41	7k1h
P00533	8494	39	41	7k1h
P00533	8496	39	41	7k1h
P00533	8498	39	41	7k1h
P00533	8500	39	41	7k1h
P00533	8502	39	41	7k1h
P00533	8534	39	41	7jxl
P00533	8536	39	41	7jxl
P00533	8540	39	41	7jxl
P00533	8542	39	41	7jxl
P00533	8561	39	41	4i21
P00533	8563	39	41	4i21
P04049	121	40	42	3omv
P04049	123	40	42	3omv
P07333	1151	46	48	3krl
P07333	2480	46	48	4r7h
P07333	2482	46	48	4r7i
P07333	2833	46	48	3bea
P07333	2964	46	48	4hw7
P07333	3287	46	48	7mfc
P07333	3349	46	48	7tnh
P07333	3428	46	48	2i1m
P07333	3480	46	48	3krj
P07333	4797	46	48	6n33
P07333	4831	46	48	6wxj
P07333	4882	46	48	2ogv
P07333	5612	46	48	3lcd
P07333	5617	46	48	3lco
P07333	6792	46	48	6ig8
P07333	6882	46	48	2i0y
P07333	7305	46	48	6t2w
P07333	7992	46	48	2i0v
P07333	8020	46	48	3dpk
P10721	419	51	53	1t45
P10721	920	51	53	6xv9
P10721	922	51	53	6xv9
P10721	928	51	53	7khj
P10721	934	51	53	7khj
P10721	1460	51	53	6itv
P10721	1545	51	53	1pkg
P10721	1547	51	53	1pkg
P10721	1952	51	53	6gql
P10721	1954	51	53	6gql
P10721	2050	51	53	6xva
P10721	2052	51	53	6xva
P10721	3182	51	53	6kla
P10721	5286	51	53	6xvb
P10721	5288	51	53	6xvb
P10721	5315	51	53	7khk
P10721	5320	51	53	7khk
P10721	5593	51	53	3g0e
P10721	5991	51	53	4hvs
P10721	6196	51	53	6gqk
P10721	6198	51	53	6gqk
P10721	6284	51	53	7khg
P10721	6493	51	53	3g0f
P10721	6495	51	53	3g0f
P10721	6808	51	53	6mob
P10721	7243	51	53	6gqj
P10721	7245	51	53	6gqj
P10721	7710	51	53	4u0i
P10721	7825	51	53	6itt
P10721	7827	51	53	6itt
P10721	7953	51	53	1t46
P10721	8387	51	53	6gqm
P10721	8389	51	53	6gqm
P10721	8427	51	53	6hh1
P28482	168	66	68	4fuy
P28482	170	66	68	4fv0
P28482	172	66	68	4fv2
P28482	375	66	68	6g91
P28482	377	66	68	6gjb
P28482	664	66	68	4fv9
P28482	665	66	68	4fv9
P28482	676	66	68	4iza
P28482	677	66	68	4iza
P28482	678	66	68	4iza
P28482	687	66	68	4qp1
P28482	689	66	68	4qp1
P28482	694	66	68	4nif
P28482	695	66	68	4nif
P28482	698	66	68	4nif
P28482	699	66	68	4nif
P28482	751	66	68	4zxt
P28482	785	66	68	5nhj
P28482	835	66	68	6g97
P28482	843	66	68	6g54
P28482	864	66	68	6opg
P28482	1008	66	68	7e75
P28482	1115	66	68	2y9q
P28482	1235	66	68	4fux
P28482	1447	66	68	6g93
P28482	1449	66	68	6gdm
P28482	1471	66	68	6q7s
P28482	1473	66	68	6q7t
P28482	1568	66	68	2ojj
P28482	1760	66	68	4g6o
P28482	1778	66	68	4n0s
P28482	1905	66	68	5ngu
P28482	1907	66	68	5nho
P28482	1969	66	68	6g9k
P28482	1999	66	68	6qa3
P28482	2002	66	68	6qah
P28482	2322	66	68	3i60
P28482	2323	66	68	3i60
P28482	2533	66	68	4zzn
P28482	2713	66	68	6rq4
P28482	2915	66	68	3w55
P28482	2916	66	68	3w55
P28482	3137	66	68	5k4i
P28482	3138	66	68	5k4i
P28482	3145	66	68	5nhp
P28482	3149	66	68	5lcj
P28482	3165	66	68	6dmg
P28482	3166	66	68	6g9d
P28482	3269	66	68	7nr9
P28482	3561	66	68	4fv1
P28482	3619	66	68	5buj
P28482	3620	66	68	5buj
P28482	3622	66	68	5bve
P28482	3623	66	68	5bve
P28482	3726	66	68	6g92
P28482	3728	66	68	6g8x
P28482	3733	66	68	6gjd
P28482	3791	66	68	1tvo
P28482	3853	66	68	3d44
P28482	3950	66	68	4h3q
P28482	3979	66	68	4qp2
P28482	3980	66	68	4qp2
P28482	3983	66	68	4qp2
P28482	3984	66	68	4qp2
P28482	3987	66	68	4qp9
P28482	3988	66	68	4qp9
P28482	4080	66	68	5nhh
P28482	4114	66	68	5v60
P28482	4152	66	68	6d5y
P28482	4153	66	68	6d5y
P28482	4161	66	68	6g9a
P28482	4163	66	68	6g9j
P28482	4185	66	68	6opi
P28482	4186	66	68	6opi
P28482	4189	66	68	6qa1
P28482	4191	66	68	6qag
P28482	4343	66	68	7w5o
P28482	4344	66	68	7w5o
P28482	4371	66	68	1pme
P28482	4651	66	68	4qta
P28482	4652	66	68	4qta
P28482	4666	66	68	4zzm
P28482	4835	66	68	7auv
P28482	4884	66	68	2oji
P28482	4992	66	68	3tei
P28482	4993	66	68	3tei
P28482	5089	66	68	4g6n
P28482	5091	66	68	4o6e
P28482	5092	66	68	4o6e
P28482	5096	66	68	4qp7
P28482	5097	66	68	4qp7
P28482	5098	66	68	4qp7
P28482	5099	66	68	4qp7
P28482	5100	66	68	4qp8
P28482	5101	66	68	4qp8
P28482	5102	66	68	4qp8
P28482	5103	66	68	4qp8
P28482	5190	66	68	5v61
P28482	5238	66	68	6g9n
P28482	5393	66	68	7nqw
P28482	5503	66	68	1wzy
P28482	5631	66	68	3sa0
P28482	5732	66	68	5bui
P28482	5733	66	68	5bui
P28482	5734	66	68	5bvf
P28482	5735	66	68	5bvf
P28482	5792	66	68	6gdq
P28482	5810	66	68	6qaw
P28482	5930	66	68	3d42
P28482	6008	66	68	4fmq
P28482	6011	66	68	4fv8
P28482	6012	66	68	4fv8
P28482	6019	66	68	4iz5
P28482	6020	66	68	4iz5
P28482	6021	66	68	4iz5
P28482	6022	66	68	4iz5
P28482	6041	66	68	4qp4
P28482	6042	66	68	4qp4
P28482	6043	66	68	4qp4
P28482	6044	66	68	4qp4
P28482	6061	66	68	4xj0
P28482	6064	66	68	4xj0
P28482	6169	66	68	5nhl
P28482	6172	66	68	5lck
P28482	6218	66	68	6oph
P28482	6230	66	68	6nbs
P28482	6299	66	68	7nr5
P28482	6334	66	68	7e73
P28482	6572	66	68	4fv3
P28482	6607	66	68	4qte
P28482	6724	66	68	5wp1
P28482	6789	66	68	6ge0
P28482	6872	66	68	2ojg
P28482	7085	66	68	4fv5
P28482	7086	66	68	4fv5
P28482	7088	66	68	4fv7
P28482	7116	66	68	4qp6
P28482	7117	66	68	4qp6
P28482	7119	66	68	4qp6
P28482	7120	66	68	4qp6
P28482	7170	66	68	5ax3
P28482	7171	66	68	5ax3
P28482	7172	66	68	5ax3
P28482	7203	66	68	5nhv
P28482	7247	66	68	6g9h
P28482	7270	66	68	6qa4
P28482	7383	66	68	7nr3
P28482	7406	66	68	7opm
P28482	7531	66	68	3i5z
P28482	7532	66	68	3i5z
P28482	7644	66	68	4fv4
P28482	7645	66	68	4fv4
P28482	7718	66	68	4zzo
P28482	7727	66	68	5bue
P28482	7728	66	68	5bue
P28482	7730	66	68	5bvd
P28482	7731	66	68	5bvd
P28482	7882	66	68	6q7k
P28482	7884	66	68	6qaq
P28482	7893	66	68	6slg
P28482	8209	66	68	4fv6
P28482	8210	66	68	4fv6
P28482	8214	66	68	4h3p
P28482	8215	66	68	4h3p
P28482	8217	66	68	4h3p
P28482	8218	66	68	4h3p
P28482	8227	66	68	4iz7
P28482	8228	66	68	4iz7
P28482	8229	66	68	4iz7
P28482	8230	66	68	4iz7
P28482	8240	66	68	4qp3
P28482	8241	66	68	4qp3
P28482	8244	66	68	4qp3
P28482	8245	66	68	4qp3
P28482	8248	66	68	4qpa
P28482	8249	66	68	4qpa
P28482	8251	66	68	4qpa
P28482	8252	66	68	4qpa
P28482	8340	66	68	5nhf
P28482	8381	66	68	5v62
P28482	8406	66	68	6g9m
P28482	8433	66	68	6qal
P28482	8522	66	68	7nqq
P28482	8524	66	68	7nr8
P29323	7066	71	73	3zfm
P31749	1136	72	74	3cqw
P31749	1742	72	74	3qkk
P31749	2403	72	74	4ejn
P31749	2900	72	74	3mvh
P31749	3151	72	74	6buu
P31749	3153	72	74	6buu
P31749	3179	72	74	6hhi
P31749	3869	72	74	3mv5
P31749	3885	72	74	3qkl
P31749	3887	72	74	3qkm
P31749	4479	72	74	3cqu
P31749	4811	72	74	6s9x
P31749	5162	72	74	5kcv
P31749	5235	72	74	6hhf
P31749	5390	72	74	7nh4
P31749	5667	72	74	4ekl
P31749	5785	72	74	6ccy
P31749	6017	72	74	4gv1
P31749	6204	72	74	6hhj
P31749	6256	72	74	7apj
P31749	6511	72	74	3ow4
P31749	6513	72	74	3ow4
P31749	6558	72	74	4ekk
P31749	6560	72	74	4ekk
P31749	7253	72	74	6hhg
P31749	7258	72	74	6hhh
P31749	7380	72	74	7nh5
P31749	7600	72	74	3o96
P31749	7891	72	74	6s9w
P31749	8098	72	74	3ocb
P31749	8100	72	74	3ocb
P31749	8441	72	74	6npz
P31749	8443	72	74	6npz
P31751	2	73	75	1gzo
P31751	12	73	75	1o6l
P31751	66	73	75	3d0e
P31751	68	73	75	3d0e
P31751	70	73	75	3e88
P31751	72	73	75	3e88
P31751	1050	73	75	1gzk
P31751	1097	73	75	2uw9
P31751	1140	73	75	3e87
P31751	1142	73	75	3e87
P31751	4362	73	75	1gzn
P31751	4490	73	75	3e8d
P31751	4492	73	75	3e8d
P31751	4877	73	75	1o6k
P31751	5847	73	75	1mry
P31751	5890	73	75	2jdr
P31751	6861	73	75	1mrv
P31751	6892	73	75	2jdo
P31751	6920	73	75	2x39
P31751	7376	73	75	2xh5
P35968	961	77	79	6xvj
P35968	975	77	79	3b8r
P35968	980	77	79	3b8r
P35968	1121	77	79	3cjf
P35968	1129	77	79	3cp9
P35968	1135	77	79	3cp9
P35968	1618	77	79	2rl5
P35968	1663	77	79	3c7q
P35968	1747	77	79	3vnt
P35968	1751	77	79	3wzd
P35968	2098	77	79	2xir
P35968	2141	77	79	4ase
P35968	2274	77	79	2qu5
P35968	2359	77	79	3vo3
P35968	2782	77	79	1vr2
P35968	2923	77	79	3wze
P35968	2926	77	79	4agc
P35968	3164	77	79	6gqq
P35968	3346	77	79	4asd
P35968	3525	77	79	3vhe
P35968	3528	77	79	3vhk
P35968	3873	77	79	3u6j
P35968	3908	77	79	4agd
P35968	4284	77	79	6xvk
P35968	4296	77	79	3b8q
P35968	4300	77	79	3b8q
P35968	4397	77	79	1y6b
P35968	4502	77	79	3efl
P35968	4507	77	79	3efl
P35968	5232	77	79	6gqp
P35968	5573	77	79	3cpb
P35968	5578	77	79	3cpb
P35968	5582	77	79	3cpc
P35968	5587	77	79	3cpc
P35968	5974	77	79	3vid
P35968	6342	77	79	5ew3
P35968	6346	77	79	5ew3
P35968	6401	77	79	1y6a
P35968	6444	77	79	2qu6
P35968	6448	77	79	2qu6
P35968	7065	77	79	4ag8
P35968	7242	77	79	6gqo
P35968	7491	77	79	3be2
P35968	7497	77	79	3cjg
P35968	7506	77	79	3dtw
P35968	7511	77	79	3dtw
P35968	7518	77	79	3ewh
P35968	7970	77	79	1ywn
P35968	7974	77	79	2oh4
P35968	7980	77	79	2p2h
P35968	7985	77	79	2p2i
P35968	7990	77	79	2p2i
P36507	2217	78	80	1s9i
P36507	2220	78	80	1s9i
P36888	712	79	81	4xuf
P36888	715	79	81	4xuf
P36888	1935	79	81	5x02
P36888	1991	79	81	6il3
P36888	3184	79	81	6jqr
P36888	5694	79	81	4rt7
P36888	5839	79	81	1rjb
P43403	1572	84	86	2ozo
P43403	1572	84	85	2ozo
P43403	3000	84	86	4k2r
P43403	3000	84	85	4k2r
P43403	3418	84	86	1u59
P43403	3418	84	85	1u59
P45985	5556	85	87	3aln
P45985	5559	85	87	3aln
P45985	5563	85	87	3aln
P45985	5564	85	87	3aln
P45985	7485	85	87	3alo
P45985	8509	85	87	3vut
P49137	449	90	92	2jbp
P49137	452	90	92	2jbp
P49137	456	90	92	2jbp
P49137	460	90	92	2jbp
P49137	464	90	92	2jbp
P49137	467	90	92	2jbp
P49137	471	90	92	2jbp
P49137	475	90	92	2jbp
P49137	479	90	92	2jbp
P49137	487	90	92	2jbp
P49137	491	90	92	2jbp
P49137	734	90	92	4tyh
P49137	1736	90	92	3r30
P49137	2208	90	92	1kwp
P49137	2211	90	92	1kwp
P49137	2726	90	92	6tca
P49137	2728	90	92	6tca
P49137	2730	90	92	6tca
P49137	2732	90	92	6tca
P49137	2849	90	92	3a2c
P49137	2853	90	92	3a2c
P49137	2858	90	92	3a2c
P49137	2862	90	92	3a2c
P49137	2866	90	92	3a2c
P49137	2868	90	92	3a2c
P49137	2872	90	92	3a2c
P49137	2877	90	92	3a2c
P49137	2881	90	92	3a2c
P49137	2885	90	92	3a2c
P49137	2889	90	92	3a2c
P49137	2893	90	92	3a2c
P49137	3487	90	92	3m42
P49137	3850	90	92	3fyk
P49137	3860	90	92	3kga
P49137	3880	90	92	3r2y
P49137	4940	90	92	3fpm
P49137	5517	90	92	2onl
P49137	5520	90	92	2onl
P49137	5531	90	92	2pzy
P49137	5534	90	92	2pzy
P49137	5536	90	92	2pzy
P49137	5539	90	92	2pzy
P49137	6279	90	92	7nry
P49137	6387	90	92	1nxk
P49137	6390	90	92	1nxk
P49137	6392	90	92	1nxk
P49137	6395	90	92	1nxk
P49137	6425	90	92	2p3g
P49137	6875	90	92	2oza
P49137	6924	90	92	3fyj
P49137	6939	90	92	3gok
P49137	6942	90	92	3gok
P49137	6946	90	92	3gok
P49137	6950	90	92	3gok
P49137	6953	90	92	3gok
P49137	6957	90	92	3gok
P49137	6961	90	92	3gok
P49137	6964	90	92	3gok
P49137	6968	90	92	3gok
P49137	6972	90	92	3gok
P49137	6975	90	92	3gok
P49137	6979	90	92	3gok
P49137	6997	90	92	3ka0
P49137	7027	90	92	3wi6
P49137	7032	90	92	3wi6
P49137	7037	90	92	3wi6
P49137	7042	90	92	3wi6
P49137	7047	90	92	3wi6
P49137	7052	90	92	3wi6
P49137	7454	90	92	1ny3
P49137	7542	90	92	3kc3
P49137	7545	90	92	3kc3
P49137	7549	90	92	3kc3
P49137	7553	90	92	3kc3
P49137	7556	90	92	3kc3
P49137	7559	90	92	3kc3
P49137	7563	90	92	3kc3
P49137	7567	90	92	3kc3
P49137	7570	90	92	3kc3
P49137	7574	90	92	3kc3
P49137	7577	90	92	3kc3
P49137	7580	90	92	3kc3
P49137	7583	90	92	3m2w
P49137	8002	90	92	2jbo
P49137	8106	90	92	3r2b
P49137	8111	90	92	3r2b
P49137	8116	90	92	3r2b
P49137	8121	90	92	3r2b
P49137	8126	90	92	3r2b
P49137	8131	90	92	3r2b
P49137	8136	90	92	3r2b
P49137	8141	90	92	3r2b
P49137	8146	90	92	3r2b
P49137	8151	90	92	3r2b
P49137	8156	90	92	3r2b
P49137	8161	90	92	3r2b
P51812	187	94	97	4jg8
P51812	5035	94	97	4d9t
P51812	5990	94	97	4d9u
P51812	6592	94	97	4jg6
P51812	7659	94	97	4jg7
P53355	62	95	98	2x0g
P53355	1815	95	98	4uv0
P53355	3052	95	98	4tl0
P53355	3843	95	98	2xzs
P53355	3846	95	98	2xzs
P53355	4151	95	98	6fha
P53355	4937	95	98	2y0a
P53355	5553	95	98	2xuu
P53355	5812	95	98	6qmo
P53355	7625	95	98	4b4l
P53355	8010	95	98	2w4k
P53355	8391	95	98	6fhb
P54646	828	100	103	6b2e
P54646	2369	100	103	4cff
P54646	2374	100	103	4cff
P54646	3120	100	103	5iso
P54646	3124	100	103	5iso
P54646	4044	100	103	5ezv
P54646	4049	100	103	5ezv
P54646	6287	100	103	7myj
P54646	6293	100	103	7myj
P54646	6536	100	103	4cfe
P54646	7155	100	103	4zhx
P54646	7159	100	103	4zhx
P54646	7231	100	103	6b1u
P54646	7237	100	103	6b1u
Q6PHZ2	7783	197	204	6bab
Q6PHZ2	7785	197	204	6bab
Q6PHZ2	7787	197	204	6bab
Q6PHZ2	7788	197	204	6bab
Q8IU85	2720	226	233	6t6f
Q8IU85	2723	226	233	6t6f
Q8IU85	4216	226	233	6t28
Q8IU85	6888	226	233	2jc6
Q8IU85	6891	226	233	2jc6
Q8IU85	7303	226	233	6qp5
Q8IU85	8456	226	233	6t29
Q8VDF3	63	233	240	2yab
Q8VDF3	64	233	240	2yab
Q8VDF3	2287	233	240	2ya9
Q8VDF3	2288	233	240	2ya9
Q8VDF3	2291	233	240	2yaa
Q8VDF3	2292	233	240	2yaa
Q9UIK4	20	273	280	2a2a
Q9UIK4	21	273	280	2a2a
Q9UIK4	22	273	280	2a2a
Q9UIK4	23	273	280	2a2a
Q9UIK4	424	273	280	1z9x
Q9UIK4	425	273	280	1z9x
Q9UIK4	426	273	280	1z9x
Q9UIK4	1564	273	280	2cke
Q9UIK4	1565	273	280	2cke
Q9UIK4	1566	273	280	2cke
Q9UIK4	1567	273	280	2cke
Q9UIK4	2238	273	280	2a27
Q9UIK4	2239	273	280	2a27
Q9UIK4	2240	273	280	2a27
Q9UIK4	2241	273	280	2a27
Q9UIK4	2242	273	280	2a27
Q9UIK4	2243	273	280	2a27
Q9UIK4	2244	273	280	2a27
Q9UIK4	2245	273	280	2a27
Q9UIK4	4385	273	280	1wmk
Q9UIK4	4386	273	280	1wmk
Q9UIK4	4387	273	280	1wmk
Q9UIK4	4388	273	280	1wmk
Q9UIK4	4389	273	280	1wmk
Q9UIK4	4390	273	280	1wmk
Q9UIK4	4391	273	280	1wmk
Q9UIK4	4392	273	280	1wmk
Q9UIK4	5806	273	280	6paw
Q9UIK4	5807	273	280	6paw
Q9UIK4	5808	273	280	6paw
Q9UIK4	5809	273	280	6paw
Q96NX5	2263	243	250	2jam
Q96NX5	2265	243	250	2jam
Q01974	1210	111	114	3zzw
Q01974	1212	111	114	3zzw
Q01974	2425	111	114	4gt4
Q01974	2429	111	114	4gt4
Q02750	812	112	115	5yt3
Q02750	816	112	115	5yt3
Q02750	818	112	115	5yt3
Q02750	823	112	115	5yt3
Q02750	911	112	115	6v2w
Q02750	954	112	115	7m0x
Q02750	1085	112	115	2p55
Q02750	1146	112	115	3eqi
Q02750	1729	112	115	3orn
Q02750	1744	112	115	3pp1
Q02750	2017	112	115	6q0j
Q02750	2019	112	115	6q0j
Q02750	2022	112	115	6pp9
Q02750	2085	112	115	7m0z
Q02750	2299	112	115	3dy7
Q02750	2302	112	115	3eqh
Q02750	2365	112	115	3zls
Q02750	2835	112	115	3dv3
Q02750	3247	112	115	6u2g
Q02750	3276	112	115	7m0u
Q02750	3279	112	115	7m0v
Q02750	3282	112	115	7m0w
Q02750	3285	112	115	7m0y
Q02750	3293	112	115	7b7r
Q02750	3296	112	115	7b7r
Q02750	3299	112	115	7b9l
Q02750	3302	112	115	7b9l
Q02750	3467	112	115	3eqb
Q02750	3498	112	115	3sls
Q02750	3501	112	115	3sls
Q02750	3520	112	115	3v01
Q02750	3643	112	115	5eym
Q02750	3644	112	115	5eym
Q02750	3649	112	115	5eym
Q02750	3650	112	115	5eym
Q02750	4183	112	115	6nyb
Q02750	4274	112	115	7mfd
Q02750	4287	112	115	3vvh
Q02750	4290	112	115	3vvh
Q02750	4292	112	115	3vvh
Q02750	4494	112	115	3e8n
Q02750	4510	112	115	3eqc
Q02750	4526	112	115	3mbl
Q02750	4557	112	115	3zlx
Q02750	4560	112	115	3zm4
Q02750	4564	112	115	4an2
Q02750	4566	112	115	4an9
Q02750	4629	112	115	4mne
Q02750	4636	112	115	4mne
Q02750	4638	112	115	4mne
Q02750	4646	112	115	4mne
Q02750	5126	112	115	5bx0
Q02750	5370	112	115	7b94
Q02750	5373	112	115	7b94
Q02750	5436	112	115	4ark
Q02750	5483	112	115	1s9j
Q02750	5591	112	115	3eqd
Q02750	5646	112	115	3v04
Q02750	6025	112	115	4lmn
Q02750	6071	112	115	4u80
Q02750	6074	112	115	4u81
Q02750	6491	112	115	3eqf
Q02750	6526	112	115	3w8q
Q02750	6999	112	115	3os3
Q02750	7020	112	115	3wig
Q02750	7021	112	115	3wig
Q02750	7143	112	115	4u7z
Q02750	7181	112	115	5hze
Q02750	7343	112	115	7b3m
Q02750	7346	112	115	7b3m
Q02750	7350	112	115	7m0t
Q02750	7512	112	115	3eqg
Q02750	7613	112	115	3zlw
Q02750	7616	112	115	3zly
Q02750	7617	112	115	3zly
Q02750	7620	112	115	4an3
Q02750	7623	112	115	4anb
Q02750	8439	112	115	6q0t
Q02750	8529	112	115	7pqv
Q13043	1123	121	124	3com
Q13043	1125	121	124	3com
Q13043	2741	121	124	6yat
Q13043	2743	121	124	6yat
Q13043	4346	121	124	8a5j
Q13043	4351	121	124	8a5j
Q13131	6752	122	125	6c9h
Q13131	7698	122	125	4red
Q13131	7700	122	125	4red
Q13188	2174	127	130	8a66
Q13188	2179	127	130	8a66
Q13188	3961	127	130	4lg4
Q13188	3964	127	130	4lg4
Q13188	3966	127	130	4lg4
Q13188	3972	127	130	4lg4
Q13188	3976	127	130	4lg4
Q13188	3978	127	130	4lg4
Q13188	4149	127	130	6ao5
Q13188	4620	127	130	4lgd
Q13188	4622	127	130	4lgd
Q13188	4625	127	130	4lgd
Q13188	4627	127	130	4lgd
Q13188	6085	127	130	5dh3
Q13188	6086	127	130	5dh3
Q13554	8049	131	134	3bhh
Q13554	8051	131	134	3bhh
Q13554	8053	131	134	3bhh
Q13554	8055	131	134	3bhh
Q13555	1106	132	135	2v7o
Q13557	5783	133	136	6ayw
Q13557	5784	133	136	6ayw
Q13557	6473	133	136	2vn9
Q13557	6474	133	136	2vn9
Q13557	8375	133	136	5vlo
Q13557	8376	133	136	5vlo
Q14012	653	135	138	4fg9
Q14012	656	135	138	4fg9
Q14012	2968	135	138	4fg8
Q14012	2971	135	138	4fg8
Q14012	3928	135	138	4fg7
Q14012	3930	135	138	4fgb
Q14680	148	136	139	4bkz
Q14680	241	136	139	4umq
Q14680	389	136	139	6gvx
Q14680	629	136	139	4d2t
Q14680	633	136	139	4d2t
Q14680	637	136	139	4d2t
Q14680	675	136	139	4ixp
Q14680	1931	136	139	5tvt
Q14680	2500	136	139	4umr
Q14680	2504	136	139	4ump
Q14680	2507	136	139	4ump
Q14680	2512	136	139	4ump
Q14680	2596	136	139	5m5a
Q14680	2930	136	139	4d2w
Q14680	2933	136	139	4d2w
Q14680	2937	136	139	4d2w
Q14680	2939	136	139	4d2w
Q14680	2943	136	139	4d2p
Q14680	2946	136	139	4d2p
Q14680	2950	136	139	4d2p
Q14680	3532	136	139	4bl1
Q14680	3597	136	139	4umt
Q14680	3695	136	139	5twz
Q14680	3699	136	139	5twy
Q14680	3704	136	139	5twy
Q14680	4077	136	139	5ih9
Q14680	4692	136	139	5k00
Q14680	5018	136	139	4d2v
Q14680	5021	136	139	4d2v
Q14680	5024	136	139	4d2v
Q14680	5155	136	139	5ih8
Q14680	5158	136	139	5ihc
Q14680	5180	136	139	5mah
Q14680	5757	136	139	5twu
Q14680	5762	136	139	5twu
Q14680	6189	136	139	5twl
Q14680	6532	136	139	4bky
Q14680	6615	136	139	4umu
Q14680	6668	136	139	5tx3
Q14680	6673	136	139	5tx3
Q14680	6845	136	139	6vxr
Q14680	7196	136	139	5iha
Q14680	8368	136	139	5maf
Q14680	8373	136	139	5mag
Q15418	693	138	143	4nif
Q15418	697	138	143	4nif
Q15418	3456	138	143	2wnt
Q15418	3458	138	143	2wnt
Q15418	4979	138	143	3rny
Q15418	4983	138	143	3rny
Q16566	1109	139	144	2w4o
Q16644	608	142	147	3r1n
Q16644	1182	142	147	3she
Q16644	2822	142	147	3fxw
Q16644	2845	142	147	3fhr
Q16644	5339	142	147	7nrb
Q61846	1754	178	183	4bfm
Q61846	7063	178	183	4cqg
Q63450	7444	183	190	1a06
