msa	uniprot	pdb	chain	term_id_cre	start_cre	end_cre	term_id_kd	start_kd	end_kd	pdb_start_cre	pdb_end_cre	pdb_start_kd	pdb_end_kd
A5K0N4_60	A5K0N4	5f0a	A	cre10	1	22	kd10	534	791	1	22	534	791
Q8I719_60	A5K0N4	5f0a	A	cre10	1	22	kd10	534	791	1	22	534	791
A5K0N4_60	A5K0N4	5dzc	A	cre10	1	22	kd10	534	791	1	22	534	791
Q8I719_60	A5K0N4	5dzc	A	cre10	1	22	kd10	534	791	1	22	534	791
A5K0N4_60	A5K0N4	5dyl	A	cre10	1	22	kd10	534	791	1	22	534	791
Q8I719_60	A5K0N4	5dyl	A	cre10	1	22	kd10	534	791	1	22	534	791
A5K0N4_60	A5K0N4	4rz7	A	cre10	1	22	kd10	534	791	1	22	534	791
Q8I719_60	A5K0N4	4rz7	A	cre10	1	22	kd10	534	791	1	22	534	791
A5K0N4_60	A5K0N4	5fet	A	cre10	1	22	kd10	534	791	2	22	534	791
Q8I719_60	A5K0N4	5fet	A	cre10	1	22	kd10	534	791	2	22	534	791
A5K0N4_60	A5K0N4	5ezr	A	cre10	1	22	kd10	534	791	2	22	534	791
Q8I719_60	A5K0N4	5ezr	A	cre10	1	22	kd10	534	791	2	22	534	791
A5K0N4_60	Q8I719	5dyk	A	cre223	1	29	kd223	541	798	15	29	541	798
Q8I719_60	Q8I719	5dyk	A	cre223	1	29	kd223	541	798	15	29	541	798
O74536_60	O74536	3h4j	B	cre21	305	351	kd21	34	285	305	351	34	285
O75582_60	O75582	3kn5	A	cre22	702	723	kd23	426	687	702	723	426	687
O75582_60	O75582	3kn6	A	cre22	702	723	kd23	426	687	702	723	426	687
O75582_60	O75582	7up4	A	cre22	702	723	kd23	426	687	701	722	426	686
O75582_60	O75582	7up5	A	cre22	702	723	kd23	426	687	701	722	426	686
O75582_60	O75582	7up7	A	cre22	702	723	kd23	426	687	701	722	426	686
O75582_60	O75582	7up8	A	cre22	702	723	kd23	426	687	701	722	426	686
O75582_60	O75582	7up6	A	cre22	702	723	kd23	426	687	701	706	426	686
O77676_60	Q13976	7lv3	A	cre134	50	75	kd132	360	619	78	86	375	634
O77676_60	Q13976	7lv3	B	cre134	50	75	kd132	360	619	78	93	375	634
Q13976_60	Q13976	7lv3	A	cre134	50	75	kd132	360	619	78	86	375	634
Q13976_60	Q13976	7lv3	B	cre134	50	75	kd132	360	619	78	93	375	634
O96013_60	O96013	5upk	A	cre32	1	130	kd34	321	572	4	43	375	43
O96013_60	O96013	5upk	B	cre32	1	130	kd34	321	572	300	43	321	572
O96013_60	O96013	4l67	A	cre32	1	130	kd34	321	572	300	43	321	572
O96013_60	O96013	4fie	A	cre32	1	130	kd34	321	572	49	55	321	572
O96013_60	O96013	4fii	A	cre32	1	130	kd34	321	572	299	55	321	572
O96013_60	O96013	4fii	B	cre32	1	130	kd34	321	572	49	54	321	54
O96013_60	O96013	4fif	A	cre32	1	130	kd34	321	572	296	54	321	572
O96013_60	O96013	4fif	C	cre32	1	130	kd34	321	572	49	55	321	55
P00519_60	P00519	2fo0	A	cre36	61	233	kd37	242	493	80	252	261	512
P00519_60	P00519	1opl	A	cre36	61	233	kd37	242	493	81	252	261	512
P00519_60	P00519	5mo4	A	cre36	61	233	kd37	242	493	83	252	261	512
P00519_60	P00519	4xey	A	cre36	61	233	kd37	242	493	250	252	261	512
P00519_60	P00519	2f4j	A	cre36	61	233	kd37	242	493	229	233	242	493
P00519_60	P00519	2hz0	A	cre36	61	233	kd37	242	493	233	233	242	493
P00519_60	P00519	6xr6	A	cre36	61	233	kd37	242	493	248	252	261	512
P00519_60	P00519	6xr7	A	cre36	61	233	kd37	242	493	248	252	261	512
P00519_60	P00519	6xrg	A	cre36	61	233	kd37	242	493	248	252	261	512
P00519_60	P00519	2g1t	A	cre36	61	233	kd37	242	493	232	233	242	493
P00519_60	P00519	2e2b	A	cre36	61	233	kd37	242	493	229	233	242	493
P00519_60	P00519	2g2i	A	cre36	61	233	kd37	242	493	229	233	242	493
P00519_60	P00519	2gqg	A	cre36	61	233	kd37	242	493	229	233	242	493
P00519_60	P00519	5hu9	A	cre36	61	233	kd37	242	493	227	233	242	493
P00519_60	P00519	3qri	A	cre36	61	233	kd37	242	493	229	233	242	493
P00519_60	P00519	3qrk	A	cre36	61	233	kd37	242	493	229	233	242	493
P00519_60	P00519	2hiw	A	cre36	61	233	kd37	242	493	245	251	260	511
P00519_60	P00519	6npe	A	cre36	61	233	kd37	242	493	251	252	261	512
P00519_60	P00519	6npe	B	cre36	61	233	kd37	242	493	252	252	261	512
P00519_60	P00519	3pyy	A	cre36	61	233	kd37	242	493	251	252	261	512
P00519_60	P00519	6npu	A	cre36	61	233	kd37	242	493	251	252	261	512
P00519_60	P00519	6npu	B	cre36	61	233	kd37	242	493	252	252	261	512
P00519_60	P00519	6npv	A	cre36	61	233	kd37	242	493	251	252	261	512
P00519_60	P00519	2g2f	A	cre36	61	233	kd37	242	493	232	233	242	493
P00519_60	P00519	7cc2	A	cre36	61	233	kd37	242	493	233	233	242	493
P00519_60	P00519	3cs9	A	cre36	61	233	kd37	242	493	233	233	242	493
P00519_60	P00519	7w7x	A	cre36	61	233	kd37	242	493	232	233	242	493
P00519_60	P00519	7w7x	B	cre36	61	233	kd37	242	493	232	233	242	493
P00519_60	P00519	7w7y	A	cre36	61	233	kd37	242	493	232	233	242	493
P00519_60	P00519	7w7y	B	cre36	61	233	kd37	242	493	232	233	242	493
P00519_60	P00519	2g2h	A	cre36	61	233	kd37	242	493	252	252	261	512
P00519_60	P00519	6bl8	A	cre36	61	233	kd37	242	493	233	233	242	493
P00519_60	P00519	2v7a	A	cre36	61	233	kd37	242	493	233	233	242	493
P00519_60	P00519	4twp	A	cre36	61	233	kd37	242	493	233	233	242	493
P00519_60	P00519	4zog	A	cre36	61	233	kd37	242	493	233	233	242	493
P00519_60	P00519	3ue4	A	cre36	61	233	kd37	242	493	233	233	242	493
P00519_60	P00519	4yc8	A	cre36	61	233	kd37	242	493	233	233	242	493
P00519_60	P00519	2hz4	A	cre36	61	233	kd37	242	493	234	233	242	493
P00519_60	P00519	2hzi	A	cre36	61	233	kd37	242	493	233	233	242	493
P00519_60	P00519	7dt2	A	cre36	61	233	kd37	242	493	233	233	242	493
P00519_60	P00519	7n9g	A	cre36	61	233	kd37	242	493	252	252	261	512
P00519_60	P00519	2hyy	A	cre36	61	233	kd37	242	493	235	252	242	493
P00519_60	P00519	3qrj	A	cre36	61	233	kd37	242	493	234	252	242	493
P00523_60	P00523	2ptk	A	cre37	88	248	kd38	267	520	88	248	267	520
P00523_60	P00523	2ptk	A	cre38	520	533	kd38	267	520	520	528	267	520
P00523_60	P00523	3geq	A	cre38	520	533	kd38	267	520	520	533	267	520
P00523_60	P00523	7wf5	A	cre38	520	533	kd38	267	520	520	533	267	520
P00523_60	P00523	2hwo	A	cre38	520	533	kd38	267	520	520	533	267	520
P00523_60	P00523	3dqw	A	cre38	520	533	kd38	267	520	520	533	267	520
P00523_60	P00523	3f6x	A	cre38	520	533	kd38	267	520	520	533	267	520
P00523_60	P00523	4fic	A	cre38	520	533	kd38	267	520	520	533	267	520
P00523_60	P00523	5swh	A	cre38	520	533	kd38	267	520	520	533	267	520
P00523_60	P00523	2hwp	A	cre38	520	533	kd38	267	520	520	533	267	520
P00523_60	P00523	2oiq	A	cre38	520	533	kd38	267	520	520	533	267	520
P00523_60	P00523	2qlq	A	cre38	520	533	kd38	267	520	520	533	267	520
P00523_60	P00523	3el8	A	cre38	520	533	kd38	267	520	520	533	267	520
P00523_60	P00523	3en5	A	cre38	520	533	kd38	267	520	520	533	267	520
P00523_60	P00523	3en7	A	cre38	520	533	kd38	267	520	520	533	267	520
P00523_60	P00523	3f3t	A	cre38	520	533	kd38	267	520	520	533	267	520
P00523_60	P00523	3f3v	A	cre38	520	533	kd38	267	520	520	533	267	520
P00523_60	P00523	3g6g	A	cre38	520	533	kd38	267	520	520	533	267	520
P00523_60	P00523	3oez	A	cre38	520	533	kd38	267	520	520	533	267	520
P00523_60	P00523	3qlg	A	cre38	520	533	kd38	267	520	520	533	267	520
P00523_60	P00523	3svv	A	cre38	520	533	kd38	267	520	520	533	267	520
P00523_60	P00523	3tz8	A	cre38	520	533	kd38	267	520	520	533	267	520
P00523_60	P00523	3uqf	A	cre38	520	533	kd38	267	520	520	533	267	520
P00523_60	P00523	3uqg	A	cre38	520	533	kd38	267	520	520	533	267	520
P00523_60	P00523	4dgg	A	cre38	520	533	kd38	267	520	520	533	267	520
P00523_60	P00523	4mcv	A	cre38	520	533	kd38	267	520	520	533	267	520
P00523_60	P00523	4o2p	A	cre38	520	533	kd38	267	520	520	533	267	520
P00523_60	P00523	4ybk	A	cre38	520	533	kd38	267	520	520	533	267	520
P00523_60	P00523	5j5s	A	cre38	520	533	kd38	267	520	520	533	267	520
P00523_60	P00523	5teh	A	cre38	520	533	kd38	267	520	520	533	267	520
P00523_60	P00523	5xp7	A	cre38	520	533	kd38	267	520	520	533	267	520
P00523_60	P00523	6hve	A	cre38	520	533	kd38	267	520	520	533	267	520
P00523_60	P00523	7ah3	A	cre38	520	533	kd38	267	520	520	533	267	520
P00523_60	P00523	2qi8	A	cre38	520	533	kd38	267	520	520	533	267	520
P00523_60	P00523	2qq7	A	cre38	520	533	kd38	267	520	520	533	267	520
P00523_60	P00523	3el7	A	cre38	520	533	kd38	267	520	520	533	267	520
P00523_60	P00523	3en4	A	cre38	520	533	kd38	267	520	520	533	267	520
P00523_60	P00523	3en6	A	cre38	520	533	kd38	267	520	520	533	267	520
P00523_60	P00523	3f3u	A	cre38	520	533	kd38	267	520	520	533	267	520
P00523_60	P00523	3f3w	A	cre38	520	533	kd38	267	520	520	533	267	520
P00523_60	P00523	3g5d	A	cre38	520	533	kd38	267	520	520	533	267	520
P00523_60	P00523	3lok	A	cre38	520	533	kd38	267	520	520	533	267	520
P00523_60	P00523	3of0	A	cre38	520	533	kd38	267	520	520	533	267	520
P00523_60	P00523	3tz7	A	cre38	520	533	kd38	267	520	520	533	267	520
P00523_60	P00523	3tz9	A	cre38	520	533	kd38	267	520	520	533	267	520
P00523_60	P00523	4agw	A	cre38	520	533	kd38	267	520	520	533	267	520
P00523_60	P00523	4lgh	A	cre38	520	533	kd38	267	520	520	533	267	520
P00523_60	P00523	5d10	A	cre38	520	533	kd38	267	520	520	533	267	520
P00523_60	P00523	5d11	A	cre38	520	533	kd38	267	520	520	533	267	520
P00523_60	P00523	5d12	A	cre38	520	533	kd38	267	520	520	533	267	520
P00523_60	P00523	5t0p	A	cre38	520	533	kd38	267	520	520	533	267	520
P00523_60	P00523	6hvf	A	cre38	520	533	kd38	267	520	520	533	267	520
P00523_60	P00523	7d57	A	cre38	520	533	kd38	267	520	520	533	267	520
P00523_60	P00523	7d5o	B	cre38	520	533	kd38	267	520	520	533	267	520
P00523_60	P00523	3d7t	B	cre38	520	533	kd38	267	520	520	533	267	520
P00523_60	P00523	3g6h	A	cre38	520	533	kd38	267	520	520	533	267	520
P00523_60	P00523	3qlf	A	cre38	520	533	kd38	267	520	520	533	267	520
P00523_60	P00523	5sys	A	cre38	520	533	kd38	267	520	520	533	267	520
P00523_60	P00523	3dqx	A	cre38	520	533	kd38	267	520	520	533	267	520
P00523_60	P00523	3u4w	A	cre38	520	533	kd38	267	520	520	533	267	520
P00523_60	P00523	4u5j	A	cre38	520	533	kd38	267	520	520	533	267	520
P00523_60	P00523	4ybj	A	cre38	520	533	kd38	267	520	520	533	267	520
P00523_60	P00523	4ybj	B	cre38	520	533	kd38	267	520	520	533	267	520
P00523_60	P00523	5bmm	A	cre38	520	533	kd38	267	520	520	533	267	520
P00523_60	P00523	5k9i	A	cre38	520	533	kd38	267	520	520	533	267	520
P00523_60	P00523	5xp5	A	cre38	520	533	kd38	267	520	520	533	267	520
P00523_60	P00523	6wiw	A	cre38	520	533	kd38	267	520	520	533	267	520
P00523_60	P00523	6wiw	B	cre38	520	533	kd38	267	520	520	533	267	520
P00523_60	P00523	3d7u	B	cre38	520	533	kd38	267	520	520	533	267	520
P00523_60	P00523	3u51	A	cre38	520	533	kd38	267	520	520	533	267	520
P00523_60	P00523	6l8l	A	cre38	520	533	kd38	267	520	520	533	267	520
P00523_60	P00523	4lgg	A	cre38	520	533	kd38	267	520	520	533	267	520
P00533_60	P00533	3gop	A	cre39	965	998	kd39	712	979	941	974	688	955
P00533_60	P00533	4riw	B	cre39	965	998	kd39	712	979	941	960	688	955
P00533_60	P00533	4rix	B	cre39	965	998	kd39	712	979	941	960	688	955
P00533_60	P00533	4riy	B	cre39	965	998	kd39	712	979	941	960	688	955
P00533_60	P00533	4wd5	A	cre39	965	998	kd39	712	979	965	987	712	979
P00533_60	P00533	4lrm	A	cre39	965	998	kd39	712	979	968	1001	712	982
P00533_60	P00533	4i23	A	cre39	965	998	kd39	712	979	965	990	712	979
P00533_60	P00533	5ugb	A	cre39	965	998	kd39	712	979	965	990	712	979
P00533_60	P00533	7aem	A	cre39	965	998	kd39	712	979	965	990	712	979
P00533_60	P00533	2jiu	A	cre39	965	998	kd39	712	979	965	992	712	979
P00533_60	P00533	1m14	A	cre39	965	998	kd39	712	979	941	960	688	955
P00533_60	P00533	2j5e	A	cre39	965	998	kd39	712	979	965	990	712	979
P00533_60	P00533	2j5f	A	cre39	965	998	kd39	712	979	965	992	712	979
P00533_60	P00533	3ika	A	cre39	965	998	kd39	712	979	965	988	712	979
P00533_60	P00533	4li5	A	cre39	965	998	kd39	712	979	965	985	712	979
P00533_60	P00533	4wkq	A	cre39	965	998	kd39	712	979	965	983	712	979
P00533_60	P00533	5j9z	A	cre39	965	998	kd39	712	979	965	987	712	979
P00533_60	P00533	5x2k	A	cre39	965	998	kd39	712	979	965	998	712	979
P00533_60	P00533	6jwl	A	cre39	965	998	kd39	712	979	965	998	712	979
P00533_60	P00533	1m17	A	cre39	965	998	kd39	712	979	941	964	688	955
P00533_60	P00533	2eb2	A	cre39	965	998	kd39	712	979	965	990	712	979
P00533_60	P00533	2gs6	A	cre39	965	998	kd39	712	979	941	967	688	955
P00533_60	P00533	2itn	A	cre39	965	998	kd39	712	979	965	989	712	979
P00533_60	P00533	2ito	A	cre39	965	998	kd39	712	979	965	988	712	979
P00533_60	P00533	2itu	A	cre39	965	998	kd39	712	979	965	991	712	979
P00533_60	P00533	2itv	A	cre39	965	998	kd39	712	979	965	988	712	979
P00533_60	P00533	4jq7	A	cre39	965	998	kd39	712	979	941	960	688	955
P00533_60	P00533	4jq8	A	cre39	965	998	kd39	712	979	941	960	688	955
P00533_60	P00533	4jr3	A	cre39	965	998	kd39	712	979	941	960	688	955
P00533_60	P00533	4jrv	A	cre39	965	998	kd39	712	979	941	960	688	955
P00533_60	P00533	4wrg	A	cre39	965	998	kd39	712	979	965	983	712	979
P00533_60	P00533	5c8n	A	cre39	965	998	kd39	712	979	965	998	712	979
P00533_60	P00533	5can	A	cre39	965	998	kd39	712	979	965	998	712	979
P00533_60	P00533	5cas	A	cre39	965	998	kd39	712	979	965	998	712	979
P00533_60	P00533	5em7	A	cre39	965	998	kd39	712	979	965	998	712	979
P00533_60	P00533	5gmp	A	cre39	965	998	kd39	712	979	965	990	712	979
P00533_60	P00533	5hcy	A	cre39	965	998	kd39	712	979	965	998	712	979
P00533_60	P00533	5hcz	A	cre39	965	998	kd39	712	979	965	998	712	979
P00533_60	P00533	5xgm	A	cre39	965	998	kd39	712	979	965	990	712	979
P00533_60	P00533	6d8e	A	cre39	965	998	kd39	712	979	965	991	712	979
P00533_60	P00533	6jz0	A	cre39	965	998	kd39	712	979	965	988	712	979
P00533_60	P00533	6s9c	A	cre39	965	998	kd39	712	979	965	992	712	979
P00533_60	P00533	6vh4	A	cre39	965	998	kd39	712	979	965	984	712	979
P00533_60	P00533	6vhn	A	cre39	965	998	kd39	712	979	965	984	712	979
P00533_60	P00533	6vhp	A	cre39	965	998	kd39	712	979	965	991	712	979
P00533_60	P00533	7oxb	A	cre39	965	998	kd39	712	979	965	990	712	979
P00533_60	P00533	2eb3	A	cre39	965	998	kd39	712	979	965	990	712	979
P00533_60	P00533	2gs2	A	cre39	965	998	kd39	712	979	941	966	688	955
P00533_60	P00533	2itw	A	cre39	965	998	kd39	712	979	965	983	712	979
P00533_60	P00533	2jit	A	cre39	965	998	kd39	712	979	965	986	712	979
P00533_60	P00533	3vjo	A	cre39	965	998	kd39	712	979	965	984	712	979
P00533_60	P00533	4g5p	A	cre39	965	998	kd39	712	979	965	986	712	979
P00533_60	P00533	4r3p	A	cre39	965	998	kd39	712	979	965	990	712	979
P00533_60	P00533	4r3r	A	cre39	965	998	kd39	712	979	965	990	712	979
P00533_60	P00533	5cau	A	cre39	965	998	kd39	712	979	965	998	712	979
P00533_60	P00533	5czh	A	cre39	965	998	kd39	712	979	965	990	712	979
P00533_60	P00533	5czi	A	cre39	965	998	kd39	712	979	965	990	712	979
P00533_60	P00533	5em8	A	cre39	965	998	kd39	712	979	965	990	712	979
P00533_60	P00533	5hcx	A	cre39	965	998	kd39	712	979	965	997	712	979
P00533_60	P00533	5hib	A	cre39	965	998	kd39	712	979	965	998	712	979
P00533_60	P00533	5xdk	A	cre39	965	998	kd39	712	979	965	990	712	979
P00533_60	P00533	5xdl	A	cre39	965	998	kd39	712	979	965	990	712	979
P00533_60	P00533	6jrj	A	cre39	965	998	kd39	712	979	965	990	712	979
P00533_60	P00533	6jrk	A	cre39	965	998	kd39	712	979	965	987	712	979
P00533_60	P00533	6jx4	A	cre39	965	998	kd39	712	979	965	998	712	979
P00533_60	P00533	6lub	A	cre39	965	998	kd39	712	979	965	990	712	979
P00533_60	P00533	6lud	A	cre39	965	998	kd39	712	979	965	990	712	979
P00533_60	P00533	7vra	A	cre39	965	998	kd39	712	979	965	983	712	979
P00533_60	P00533	7vre	A	cre39	965	998	kd39	712	979	965	998	712	979
P00533_60	P00533	6jrx	A	cre39	965	998	kd39	712	979	965	987	712	979
P00533_60	P00533	6s9d	A	cre39	965	998	kd39	712	979	965	994	712	979
P00533_60	P00533	7kxz	A	cre39	965	998	kd39	712	979	965	987	712	979
P00533_60	P00533	4g5j	A	cre39	965	998	kd39	712	979	965	998	712	979
P00533_60	P00533	5yu9	A	cre39	965	998	kd39	712	979	965	998	712	979
P00533_60	P00533	2itz	A	cre39	965	998	kd39	712	979	965	990	712	979
P00533_60	P00533	2j6m	A	cre39	965	998	kd39	712	979	965	984	712	979
P00533_60	P00533	5cav	A	cre39	965	998	kd39	712	979	965	984	712	979
P00533_60	P00533	5gtz	A	cre39	965	998	kd39	712	979	965	998	712	979
P00533_60	P00533	5x26	A	cre39	965	998	kd39	712	979	965	990	712	979
P00533_60	P00533	5x27	A	cre39	965	998	kd39	712	979	965	990	712	979
P00533_60	P00533	5x28	A	cre39	965	998	kd39	712	979	965	998	712	979
P00533_60	P00533	5xgn	A	cre39	965	998	kd39	712	979	965	988	712	979
P00533_60	P00533	5xgn	B	cre39	965	998	kd39	712	979	965	998	712	979
P00533_60	P00533	5y9t	A	cre39	965	998	kd39	712	979	965	983	712	979
P00533_60	P00533	7b85	A	cre39	965	998	kd39	712	979	965	998	712	979
P00533_60	P00533	2itt	A	cre39	965	998	kd39	712	979	965	988	712	979
P00533_60	P00533	2itx	A	cre39	965	998	kd39	712	979	965	988	712	979
P00533_60	P00533	2ity	A	cre39	965	998	kd39	712	979	965	989	712	979
P00533_60	P00533	4lqm	A	cre39	965	998	kd39	712	979	965	991	712	979
P00533_60	P00533	4rj5	A	cre39	965	998	kd39	712	979	965	998	712	979
P00533_60	P00533	4tks	A	cre39	965	998	kd39	712	979	965	990	712	979
P00533_60	P00533	5c8m	A	cre39	965	998	kd39	712	979	965	998	712	979
P00533_60	P00533	5cao	A	cre39	965	998	kd39	712	979	965	998	712	979
P00533_60	P00533	5cap	A	cre39	965	998	kd39	712	979	965	998	712	979
P00533_60	P00533	5em5	A	cre39	965	998	kd39	712	979	965	998	712	979
P00533_60	P00533	5em6	A	cre39	965	998	kd39	712	979	965	998	712	979
P00533_60	P00533	5hic	A	cre39	965	998	kd39	712	979	965	998	712	979
P00533_60	P00533	5j9y	A	cre39	965	998	kd39	712	979	965	984	712	979
P00533_60	P00533	6s9b	A	cre39	965	998	kd39	712	979	965	990	712	979
P00533_60	P00533	2itp	A	cre39	965	998	kd39	712	979	965	984	712	979
P00533_60	P00533	2itq	A	cre39	965	998	kd39	712	979	965	983	712	979
P00533_60	P00533	3ug1	A	cre39	965	998	kd39	712	979	965	984	712	979
P00533_60	P00533	3ug2	A	cre39	965	998	kd39	712	979	965	989	712	979
P00533_60	P00533	3vjn	A	cre39	965	998	kd39	712	979	965	984	712	979
P00533_60	P00533	4r5s	A	cre39	965	998	kd39	712	979	965	990	712	979
P00533_60	P00533	4rj4	A	cre39	965	998	kd39	712	979	965	998	712	979
P00533_60	P00533	4rj6	A	cre39	965	998	kd39	712	979	965	998	712	979
P00533_60	P00533	4rj7	A	cre39	965	998	kd39	712	979	965	997	712	979
P00533_60	P00533	4rj8	A	cre39	965	998	kd39	712	979	965	998	712	979
P00533_60	P00533	5c8k	A	cre39	965	998	kd39	712	979	965	998	712	979
P00533_60	P00533	5cal	A	cre39	965	998	kd39	712	979	965	998	712	979
P00533_60	P00533	5caq	A	cre39	965	998	kd39	712	979	965	998	712	979
P00533_60	P00533	5edp	A	cre39	965	998	kd39	712	979	965	997	712	979
P00533_60	P00533	5edq	A	cre39	965	998	kd39	712	979	965	997	712	979
P00533_60	P00533	5edr	A	cre39	965	998	kd39	712	979	965	998	712	979
P00533_60	P00533	5fee	A	cre39	965	998	kd39	712	979	965	985	712	979
P00533_60	P00533	6s8a	A	cre39	965	998	kd39	712	979	965	998	712	979
P00533_60	P00533	7aei	A	cre39	965	998	kd39	712	979	965	998	712	979
P00533_60	P00533	7er2	A	cre39	965	998	kd39	712	979	965	986	712	979
P00533_60	P00533	4ll0	A	cre39	965	998	kd39	712	979	965	987	712	979
P00533_60	P00533	4ll0	B	cre39	965	998	kd39	712	979	965	985	712	979
P00533_60	P00533	5fed	A	cre39	965	998	kd39	712	979	965	985	712	979
P00533_60	P00533	5feq	A	cre39	965	998	kd39	712	979	965	985	712	979
P00533_60	P00533	5zto	A	cre39	965	998	kd39	712	979	965	998	712	979
P00533_60	P00533	6s89	A	cre39	965	998	kd39	712	979	965	998	712	979
P00533_60	P00533	5x2f	A	cre39	965	998	kd39	712	979	965	998	712	979
P00533_60	P00533	5x2f	D	cre39	965	998	kd39	712	979	965	998	712	979
P00533_60	P00533	5gnk	A	cre39	965	998	kd39	712	979	965	985	712	979
P00533_60	P00533	6jxt	A	cre39	965	998	kd39	712	979	965	984	712	979
P00533_60	P00533	4zse	A	cre39	965	998	kd39	712	979	965	998	712	979
P00533_60	P00533	4zse	D	cre39	965	998	kd39	712	979	965	998	712	979
P00533_60	P00533	5cno	A	cre39	965	998	kd39	712	979	941	974	688	955
P00533_60	P00533	6p8q	A	cre39	965	998	kd39	712	979	965	998	712	979
P00533_60	P00533	6p8q	B	cre39	965	998	kd39	712	979	965	998	712	979
P00533_60	P00533	3w2p	A	cre39	965	998	kd39	712	979	965	991	712	979
P00533_60	P00533	3w2o	A	cre39	965	998	kd39	712	979	965	990	712	979
P00533_60	P00533	3w2q	A	cre39	965	998	kd39	712	979	965	992	712	979
P00533_60	P00533	3w2r	A	cre39	965	998	kd39	712	979	965	998	712	979
P00533_60	P00533	4zau	A	cre39	965	998	kd39	712	979	965	984	712	979
P00533_60	P00533	5y25	A	cre39	965	998	kd39	712	979	965	997	712	979
P00533_60	P00533	5d41	A	cre39	965	998	kd39	712	979	965	998	712	979
P00533_60	P00533	5d41	B	cre39	965	998	kd39	712	979	965	998	712	979
P00533_60	P00533	6duk	A	cre39	965	998	kd39	712	979	965	998	712	979
P00533_60	P00533	6duk	B	cre39	965	998	kd39	712	979	965	998	712	979
P00533_60	P00533	7tvd	A	cre39	965	998	kd39	712	979	965	997	712	979
P00533_60	P00533	6tfv	A	cre39	965	998	kd39	712	979	965	985	712	979
P00533_60	P00533	6tg0	A	cre39	965	998	kd39	712	979	965	985	712	979
P00533_60	P00533	6tg1	A	cre39	965	998	kd39	712	979	965	984	712	979
P00533_60	P00533	6wxn	D	cre39	965	998	kd39	712	979	965	998	712	979
P00533_60	P00533	5gty	A	cre39	965	998	kd39	712	979	965	998	712	979
P00533_60	P00533	5gty	C	cre39	965	998	kd39	712	979	965	998	712	979
P00533_60	P00533	5gty	E	cre39	965	998	kd39	712	979	965	998	712	979
P00533_60	P00533	5gty	H	cre39	965	998	kd39	712	979	965	998	712	979
P00533_60	P00533	3gt8	B	cre39	965	998	kd39	712	979	941	974	688	955
P00533_60	P00533	3gt8	C	cre39	965	998	kd39	712	979	941	974	688	955
P00533_60	P00533	5cnn	A	cre39	965	998	kd39	712	979	941	974	688	955
P00533_60	P00533	6wa2	A	cre39	965	998	kd39	712	979	965	998	712	979
P00533_60	P00533	6wa2	D	cre39	965	998	kd39	712	979	965	998	712	979
P00533_60	P00533	5jeb	A	cre39	965	998	kd39	712	979	941	974	688	955
P00533_60	P00533	2rf9	A	cre39	965	998	kd39	712	979	941	959	688	955
P00533_60	P00533	2jiv	A	cre39	965	998	kd39	712	979	965	984	712	979
P00533_60	P00533	6tfy	A	cre39	965	998	kd39	712	979	965	982	712	979
P00533_60	P00533	6z4b	A	cre39	965	998	kd39	712	979	965	982	712	979
P00533_60	P00533	7a2a	A	cre39	965	998	kd39	712	979	965	984	712	979
P00533_60	P00533	7a6j	A	cre39	965	998	kd39	712	979	965	982	712	979
P00533_60	P00533	5x2a	A	cre39	965	998	kd39	712	979	965	998	712	979
P00533_60	P00533	5x2a	D	cre39	965	998	kd39	712	979	965	998	712	979
P00533_60	P00533	6p1d	B	cre39	965	998	kd39	712	979	965	998	712	979
P00533_60	P00533	6p1d	D	cre39	965	998	kd39	712	979	965	998	712	979
P00533_60	P00533	5x2c	A	cre39	965	998	kd39	712	979	965	998	712	979
P00533_60	P00533	4i22	A	cre39	965	998	kd39	712	979	965	998	712	979
P00533_60	P00533	4i24	A	cre39	965	998	kd39	712	979	965	998	712	979
P00533_60	P00533	6v5n	C	cre39	965	998	kd39	712	979	965	998	712	979
P00533_60	P00533	6v5n	D	cre39	965	998	kd39	712	979	965	998	712	979
P00533_60	P00533	6v6k	B	cre39	965	998	kd39	712	979	965	998	712	979
P00533_60	P00533	6v6k	D	cre39	965	998	kd39	712	979	965	998	712	979
P00533_60	P00533	6v6o	D	cre39	965	998	kd39	712	979	965	998	712	979
P00533_60	P00533	6v6o	E	cre39	965	998	kd39	712	979	965	998	712	979
P00533_60	P00533	6xl4	A	cre39	965	998	kd39	712	979	965	998	712	979
P00533_60	P00533	7jxl	B	cre39	965	998	kd39	712	979	965	998	712	979
P00533_60	P00533	7jxl	D	cre39	965	998	kd39	712	979	965	998	712	979
P00533_60	P00533	7jxm	C	cre39	965	998	kd39	712	979	965	998	712	979
P00533_60	P00533	7jxm	D	cre39	965	998	kd39	712	979	965	998	712	979
P00533_60	P00533	7jxi	C	cre39	965	998	kd39	712	979	965	998	712	979
P00533_60	P00533	7jxi	D	cre39	965	998	kd39	712	979	965	998	712	979
P00533_60	P00533	7jxk	A	cre39	965	998	kd39	712	979	965	998	712	979
P00533_60	P00533	7jxk	D	cre39	965	998	kd39	712	979	965	998	712	979
P00533_60	P00533	7jxp	D	cre39	965	998	kd39	712	979	965	998	712	979
P00533_60	P00533	7jxp	F	cre39	965	998	kd39	712	979	965	998	712	979
P00533_60	P00533	7jxq	B	cre39	965	998	kd39	712	979	965	998	712	979
P00533_60	P00533	7jxq	D	cre39	965	998	kd39	712	979	965	998	712	979
P00533_60	P00533	7jxw	A	cre39	965	998	kd39	712	979	965	998	712	979
P00533_60	P00533	7jxw	D	cre39	965	998	kd39	712	979	965	998	712	979
P00533_60	P00533	7k1i	A	cre39	965	998	kd39	712	979	965	998	712	979
P00533_60	P00533	7ky0	D	cre39	965	998	kd39	712	979	965	998	712	979
P00533_60	P00533	7ltx	A	cre39	965	998	kd39	712	979	965	998	712	979
P00533_60	P00533	5hg5	A	cre39	965	998	kd39	712	979	965	998	712	979
P00533_60	P00533	5hg8	A	cre39	965	998	kd39	712	979	965	998	712	979
P00533_60	P00533	6tfu	A	cre39	965	998	kd39	712	979	965	982	712	979
P00533_60	P00533	6tfw	A	cre39	965	998	kd39	712	979	965	982	712	979
P00533_60	P00533	6tfz	A	cre39	965	998	kd39	712	979	965	982	712	979
P00533_60	P00533	6z4d	A	cre39	965	998	kd39	712	979	965	984	712	979
P00533_60	P00533	7a6k	A	cre39	965	998	kd39	712	979	965	984	712	979
P00533_60	P00533	6wak	A	cre39	965	998	kd39	712	979	965	998	712	979
P00533_60	P00533	6wak	D	cre39	965	998	kd39	712	979	965	998	712	979
P00533_60	P00533	3w2s	A	cre39	965	998	kd39	712	979	965	998	712	979
P00533_60	P00533	3w33	A	cre39	965	998	kd39	712	979	965	998	712	979
P00533_60	P00533	3poz	A	cre39	965	998	kd39	712	979	965	998	712	979
P00533_60	P00533	3w32	A	cre39	965	998	kd39	712	979	965	998	712	979
P00533_60	P00533	2gs7	A	cre39	965	998	kd39	712	979	941	959	688	955
P00533_60	P00533	2gs7	B	cre39	965	998	kd39	712	979	941	959	688	955
P00533_60	P00533	6p1l	A	cre39	965	998	kd39	712	979	965	998	712	979
P00533_60	P00533	6p1l	C	cre39	965	998	kd39	712	979	965	998	712	979
P00533_60	P00533	6v5p	A	cre39	965	998	kd39	712	979	965	998	712	979
P00533_60	P00533	6v5p	B	cre39	965	998	kd39	712	979	965	998	712	979
P00533_60	P00533	6v66	B	cre39	965	998	kd39	712	979	965	998	712	979
P00533_60	P00533	6v66	D	cre39	965	998	kd39	712	979	965	998	712	979
P00533_60	P00533	7k1h	A	cre39	965	998	kd39	712	979	965	998	712	979
P00533_60	P00533	7k1h	B	cre39	965	998	kd39	712	979	965	998	712	979
P00533_60	P00533	6jx0	A	cre39	965	998	kd39	712	979	965	989	712	979
P00533_60	P00533	4i1z	A	cre39	965	998	kd39	712	979	965	987	712	979
P00533_60	P00533	4i20	A	cre39	965	998	kd39	712	979	965	987	712	979
P00533_60	P00533	7lgs	A	cre39	965	998	kd39	712	979	968	987	712	982
P00533_60	P00533	1xkk	A	cre39	965	998	kd39	712	979	965	998	712	979
P00533_60	P00533	2rfe	A	cre39	965	998	kd39	712	979	941	974	688	955
P00533_60	P00533	2rgp	A	cre39	965	998	kd39	712	979	965	998	712	979
P00533_60	P00533	3bel	A	cre39	965	998	kd39	712	979	965	998	712	979
P00533_60	P00533	8d76	A	cre39	965	998	kd39	712	979	965	998	712	979
P00533_60	P00533	7lg8	A	cre39	965	998	kd39	712	979	965	998	712	979
P00533_60	P00533	5u8l	A	cre39	965	998	kd39	712	979	965	990	712	979
P00533_60	P00533	5hg9	A	cre39	965	998	kd39	712	979	965	985	712	979
P00533_60	P00533	5ug8	A	cre39	965	998	kd39	712	979	965	985	712	979
P00533_60	P00533	5ug9	A	cre39	965	998	kd39	712	979	965	985	712	979
P00533_60	P00533	5ugc	A	cre39	965	998	kd39	712	979	965	985	712	979
P00533_60	P00533	5zwj	A	cre39	965	998	kd39	712	979	965	985	712	979
P00533_60	P00533	5hg7	A	cre39	965	998	kd39	712	979	965	984	712	979
P00533_60	P00533	5uwd	A	cre39	965	998	kd39	712	979	965	984	712	979
P00533_60	P00533	4i21	A	cre39	965	998	kd39	712	979	965	987	712	979
P00533_60	P00533	2rfd	A	cre39	965	998	kd39	712	979	941	966	688	955
P00533_60	P00533	8d73	A	cre39	965	998	kd39	712	979	965	998	712	979
P00533_60	P00533	4zjv	A	cre39	965	998	kd39	712	979	965	985	712	979
P00533_60	P00533	5uga	A	cre39	965	998	kd39	712	979	965	985	712	979
P00533_60	P00533	4hjo	A	cre39	965	998	kd39	712	979	941	960	688	955
P00533_60	P00533	7a6i	A	cre39	965	998	kd39	712	979	965	984	712	979
P00533_60	P00533	3lzb	A	cre39	965	998	kd39	712	979	941	959	688	955
P04049_60	P04049	3omv	A	cre40	334	345	kd40	349	609	340	345	349	609
P04049_60	P04049	3omv	B	cre40	334	345	kd40	349	609	340	345	349	609
P07333_60	P07333	2ogv	A	cre46	542	574	kd46	582	910	543	574	582	910
P07333_60	P07333	2i0v	A	cre46	542	574	kd46	582	910	544	574	582	910
P07333_60	P07333	4r7h	A	cre46	542	574	kd46	582	910	544	574	582	910
P07333_60	P07333	3krj	A	cre46	542	574	kd46	582	910	544	574	582	910
P07333_60	P07333	3krl	A	cre46	542	574	kd46	582	910	545	574	582	910
P07333_60	P07333	2i1m	A	cre46	542	574	kd46	582	910	547	574	582	910
P07333_60	P07333	3bea	A	cre46	542	574	kd46	582	910	547	574	582	910
P07333_60	P07333	6t2w	A	cre46	542	574	kd46	582	910	547	574	582	910
P07333_60	P07333	2i0y	A	cre46	542	574	kd46	582	910	548	574	582	910
P07333_60	P07333	3dpk	A	cre46	542	574	kd46	582	910	548	574	582	910
P07333_60	P07333	7tnh	A	cre46	542	574	kd46	582	910	549	574	582	910
P07333_60	P07333	6ig8	A	cre46	542	574	kd46	582	910	550	574	582	910
P07333_60	P07333	3lco	A	cre46	542	574	kd46	582	910	551	574	582	910
P07333_60	P07333	3lcd	A	cre46	542	574	kd46	582	910	558	574	582	910
P07333_60	P07333	6wxj	A	cre46	542	574	kd46	582	910	559	574	582	910
P07333_60	P07333	6n33	A	cre46	542	574	kd46	582	910	566	574	582	910
P07333_60	P07333	4hw7	A	cre46	542	574	kd46	582	910	566	574	582	910
P07333_60	P07333	4r7i	A	cre46	542	574	kd46	582	910	567	574	582	910
P07333_60	P07333	7mfc	A	cre46	542	574	kd46	582	910	567	574	582	910
P10721_60	P10721	3g0e	A	cre51	544	591	kd51	589	937	544	591	589	931
P10721_60	P10721	1t45	A	cre51	544	591	kd51	589	937	547	591	589	935
P10721_60	P10721	7khg	A	cre51	544	591	kd51	589	937	551	591	589	931
P10721_60	P10721	4hvs	A	cre51	544	591	kd51	589	937	551	591	589	931
P10721_60	P10721	6kla	A	cre51	544	591	kd51	589	937	554	591	589	931
P10721_60	P10721	6itt	A	cre51	544	591	kd51	589	937	563	591	589	932
P10721_60	P10721	6itt	B	cre51	544	591	kd51	589	937	566	591	589	932
P10721_60	P10721	3g0f	A	cre51	544	591	kd51	589	937	566	591	589	930
P10721_60	P10721	3g0f	B	cre51	544	591	kd51	589	937	564	591	589	930
P10721_60	P10721	1t46	A	cre51	544	591	kd51	589	937	565	591	589	933
P10721_60	P10721	4u0i	A	cre51	544	591	kd51	589	937	565	591	589	933
P10721_60	P10721	6hh1	A	cre51	544	591	kd51	589	937	565	591	589	929
P10721_60	P10721	6xv9	A	cre51	544	591	kd51	589	937	570	591	589	931
P10721_60	P10721	7khj	A	cre51	544	591	kd51	589	937	570	591	589	931
P10721_60	P10721	7khk	A	cre51	544	591	kd51	589	937	570	591	589	931
P10721_60	P10721	1pkg	A	cre51	544	591	kd51	589	937	567	591	589	927
P10721_60	P10721	6gqj	A	cre51	544	591	kd51	589	937	570	591	589	931
P10721_60	P10721	6gqk	A	cre51	544	591	kd51	589	937	570	591	589	931
P10721_60	P10721	6mob	A	cre51	544	591	kd51	589	937	567	591	589	930
P10721_60	P10721	6gql	A	cre51	544	591	kd51	589	937	570	591	589	931
P10721_60	P10721	6itv	A	cre51	544	591	kd51	589	937	569	591	589	935
P10721_60	P10721	6gqm	A	cre51	544	591	kd51	589	937	570	591	589	931
P10721_60	P10721	6xva	A	cre51	544	591	kd51	589	937	570	591	589	931
P10721_60	P10721	6xvb	A	cre51	544	591	kd51	589	937	570	591	589	931
P28482_60	P28482	7opm	A	cre66	173	196	kd66	25	313	173	196	25	313
P28482_60	P28482	3sa0	A	cre66	173	196	kd66	25	313	173	196	25	313
P28482_60	P28482	4n0s	A	cre66	173	196	kd66	25	313	173	196	25	313
P28482_60	P28482	4zxt	A	cre66	173	196	kd66	25	313	173	196	25	313
P28482_60	P28482	3i60	A	cre66	173	196	kd66	25	313	171	194	23	311
P28482_60	P28482	1tvo	A	cre66	173	196	kd66	25	313	173	196	25	313
P28482_60	P28482	1wzy	A	cre66	173	196	kd66	25	313	173	196	25	313
P28482_60	P28482	3i5z	A	cre66	173	196	kd66	25	313	171	194	23	311
P28482_60	P28482	4fv8	A	cre66	173	196	kd66	25	313	171	194	23	311
P28482_60	P28482	4fv9	A	cre66	173	196	kd66	25	313	171	194	23	311
P28482_60	P28482	6g91	A	cre66	173	196	kd66	25	313	173	196	25	313
P28482_60	P28482	6g92	A	cre66	173	196	kd66	25	313	173	196	25	313
P28482_60	P28482	6g9a	A	cre66	173	196	kd66	25	313	173	196	25	313
P28482_60	P28482	6g9d	A	cre66	173	196	kd66	25	313	173	196	25	313
P28482_60	P28482	6g9j	A	cre66	173	196	kd66	25	313	173	196	25	313
P28482_60	P28482	6gjb	A	cre66	173	196	kd66	25	313	173	196	25	313
P28482_60	P28482	6q7k	A	cre66	173	196	kd66	25	313	173	196	25	313
P28482_60	P28482	6qa3	A	cre66	173	196	kd66	25	313	173	196	25	313
P28482_60	P28482	6gdm	A	cre66	173	196	kd66	25	313	173	196	25	313
P28482_60	P28482	4h3q	A	cre66	173	196	kd66	25	313	173	196	25	313
P28482_60	P28482	4nif	B	cre66	173	196	kd66	25	313	173	196	25	313
P28482_60	P28482	4nif	E	cre66	173	196	kd66	25	313	173	196	25	313
P28482_60	P28482	2y9q	A	cre66	173	196	kd66	25	313	173	196	25	313
P28482_60	P28482	4fmq	A	cre66	173	196	kd66	25	313	173	196	25	313
P28482_60	P28482	5buj	A	cre66	173	196	kd66	25	313	171	194	23	311
P28482_60	P28482	5bvd	A	cre66	173	196	kd66	25	313	171	194	23	311
P28482_60	P28482	5bve	A	cre66	173	196	kd66	25	313	171	194	23	311
P28482_60	P28482	5bvf	A	cre66	173	196	kd66	25	313	171	194	23	311
P28482_60	P28482	5k4i	A	cre66	173	196	kd66	25	313	173	196	25	313
P28482_60	P28482	4fv4	A	cre66	173	196	kd66	25	313	171	194	23	311
P28482_60	P28482	4fv5	A	cre66	173	196	kd66	25	313	171	194	23	311
P28482_60	P28482	4fv6	A	cre66	173	196	kd66	25	313	171	194	23	311
P28482_60	P28482	5v62	A	cre66	173	196	kd66	25	313	173	196	25	313
P28482_60	P28482	5v61	A	cre66	173	196	kd66	25	313	173	196	25	313
P28482_60	P28482	3tei	A	cre66	173	196	kd66	25	313	173	196	25	313
P28482_60	P28482	4qta	A	cre66	173	196	kd66	25	313	173	196	25	313
P28482_60	P28482	5ax3	A	cre66	173	196	kd66	25	313	164	187	16	303
P28482_60	P28482	5v60	A	cre66	173	196	kd66	25	313	173	196	25	313
P28482_60	P28482	6opg	A	cre66	173	196	kd66	25	313	171	194	23	311
P28482_60	P28482	7e75	A	cre66	173	196	kd66	25	313	173	196	25	313
P28482_60	P28482	6gdq	A	cre66	173	196	kd66	25	313	173	196	25	313
P28482_60	P28482	6gjd	A	cre66	173	196	kd66	25	313	173	196	25	313
P28482_60	P28482	6g54	A	cre66	173	196	kd66	25	313	173	196	25	313
P28482_60	P28482	6nbs	A	cre66	173	196	kd66	25	313	171	194	23	311
P28482_60	P28482	6opi	A	cre66	173	196	kd66	25	313	171	194	23	311
P28482_60	P28482	4iz7	C	cre66	173	196	kd66	25	313	173	196	25	313
P28482_60	P28482	7w5o	A	cre66	173	196	kd66	25	313	173	196	25	313
P28482_60	P28482	4h3p	A	cre66	173	196	kd66	25	313	173	196	25	313
P28482_60	P28482	4fuy	A	cre66	173	196	kd66	25	313	171	194	23	311
P28482_60	P28482	4fv0	A	cre66	173	196	kd66	25	313	171	194	23	311
P28482_60	P28482	4fv7	A	cre66	173	196	kd66	25	313	171	194	23	311
P28482_60	P28482	4g6n	A	cre66	173	196	kd66	25	313	171	194	23	311
P28482_60	P28482	4iza	A	cre66	173	196	kd66	25	313	173	196	25	313
P28482_60	P28482	4qte	A	cre66	173	196	kd66	25	313	173	196	25	313
P28482_60	P28482	5bue	A	cre66	173	196	kd66	25	313	171	194	23	311
P28482_60	P28482	5bui	A	cre66	173	196	kd66	25	313	171	194	23	311
P28482_60	P28482	5nhh	A	cre66	173	196	kd66	25	313	173	196	25	313
P28482_60	P28482	6oph	A	cre66	173	196	kd66	25	313	171	194	23	311
P28482_60	P28482	6qa1	A	cre66	173	196	kd66	25	313	173	196	25	313
P28482_60	P28482	3w55	A	cre66	173	196	kd66	25	313	173	196	25	313
P28482_60	P28482	4fux	A	cre66	173	196	kd66	25	313	171	194	23	311
P28482_60	P28482	4fv2	A	cre66	173	196	kd66	25	313	171	194	23	311
P28482_60	P28482	4fv3	A	cre66	173	196	kd66	25	313	171	194	23	311
P28482_60	P28482	4g6o	A	cre66	173	196	kd66	25	313	171	194	23	311
P28482_60	P28482	4iz5	A	cre66	173	196	kd66	25	313	173	196	25	313
P28482_60	P28482	5lcj	A	cre66	173	196	kd66	25	313	173	196	25	313
P28482_60	P28482	5lck	A	cre66	173	196	kd66	25	313	173	196	25	313
P28482_60	P28482	6dmg	A	cre66	173	196	kd66	25	313	171	194	23	311
P28482_60	P28482	6g8x	A	cre66	173	196	kd66	25	313	173	196	25	313
P28482_60	P28482	6g93	A	cre66	173	196	kd66	25	313	173	196	25	313
P28482_60	P28482	6g97	A	cre66	173	196	kd66	25	313	173	196	25	313
P28482_60	P28482	6g9h	A	cre66	173	196	kd66	25	313	173	196	25	313
P28482_60	P28482	6g9k	A	cre66	173	196	kd66	25	313	173	196	25	313
P28482_60	P28482	6g9n	A	cre66	173	196	kd66	25	313	173	196	25	313
P28482_60	P28482	6ge0	A	cre66	173	196	kd66	25	313	173	196	25	313
P28482_60	P28482	6qa4	A	cre66	173	196	kd66	25	313	173	196	25	313
P28482_60	P28482	6qag	A	cre66	173	196	kd66	25	313	173	196	25	313
P28482_60	P28482	6qah	A	cre66	173	196	kd66	25	313	173	196	25	313
P28482_60	P28482	6qal	A	cre66	173	196	kd66	25	313	173	196	25	313
P28482_60	P28482	6qaq	A	cre66	173	196	kd66	25	313	173	196	25	313
P28482_60	P28482	6qaw	A	cre66	173	196	kd66	25	313	173	196	25	313
P28482_60	P28482	7auv	A	cre66	173	196	kd66	25	313	173	196	25	313
P28482_60	P28482	7e73	A	cre66	173	196	kd66	25	313	173	196	25	313
P28482_60	P28482	7nr5	A	cre66	173	196	kd66	25	313	173	196	25	313
P28482_60	P28482	4fv1	A	cre66	173	196	kd66	25	313	171	194	23	311
P28482_60	P28482	6g9m	A	cre66	173	196	kd66	25	313	173	196	25	313
P28482_60	P28482	6q7s	A	cre66	173	196	kd66	25	313	173	196	25	313
P28482_60	P28482	6q7t	A	cre66	173	196	kd66	25	313	173	196	25	313
P28482_60	P28482	7nqq	A	cre66	173	196	kd66	25	313	173	196	25	313
P28482_60	P28482	7nqw	A	cre66	173	196	kd66	25	313	173	196	25	313
P28482_60	P28482	7nr3	A	cre66	173	196	kd66	25	313	173	196	25	313
P28482_60	P28482	7nr8	A	cre66	173	196	kd66	25	313	173	196	25	313
P28482_60	P28482	4zzm	A	cre66	173	196	kd66	25	313	173	196	25	313
P28482_60	P28482	4zzn	A	cre66	173	196	kd66	25	313	171	194	23	311
P28482_60	P28482	4zzo	A	cre66	173	196	kd66	25	313	173	196	25	313
P28482_60	P28482	5ngu	A	cre66	173	196	kd66	25	313	173	196	25	313
P28482_60	P28482	5nhj	A	cre66	173	196	kd66	25	313	173	196	25	313
P28482_60	P28482	5nhl	A	cre66	173	196	kd66	25	313	173	196	25	313
P28482_60	P28482	5nho	A	cre66	173	196	kd66	25	313	173	196	25	313
P28482_60	P28482	5nhp	A	cre66	173	196	kd66	25	313	173	196	25	313
P28482_60	P28482	5nhv	A	cre66	173	196	kd66	25	313	173	196	25	313
P28482_60	P28482	7nr9	A	cre66	173	196	kd66	25	313	173	196	25	313
P28482_60	P28482	4qp1	A	cre66	173	196	kd66	25	313	173	196	25	313
P28482_60	P28482	4qp2	A	cre66	173	196	kd66	25	313	173	196	25	313
P28482_60	P28482	4qp3	A	cre66	173	196	kd66	25	313	173	196	25	313
P28482_60	P28482	4qp6	A	cre66	173	196	kd66	25	313	173	196	25	313
P28482_60	P28482	4qpa	A	cre66	173	196	kd66	25	313	171	194	23	311
P28482_60	P28482	4xj0	A	cre66	173	196	kd66	25	313	173	196	25	313
P28482_60	P28482	4qp4	A	cre66	173	196	kd66	25	313	173	196	25	313
P28482_60	P28482	4qp7	A	cre66	173	196	kd66	25	313	173	196	25	313
P28482_60	P28482	4qp8	A	cre66	173	196	kd66	25	313	173	196	25	313
P28482_60	P28482	5nhf	A	cre66	173	196	kd66	25	313	173	196	25	313
P28482_60	P28482	4o6e	A	cre66	173	196	kd66	25	313	173	196	25	313
P28482_60	P28482	4qp9	A	cre66	173	196	kd66	25	313	173	196	25	313
P28482_60	P28482	6d5y	A	cre66	173	196	kd66	25	313	173	196	25	313
P28482_60	P28482	2oji	A	cre66	173	196	kd66	25	313	171	194	23	311
P28482_60	P28482	2ojj	A	cre66	173	196	kd66	25	313	171	194	23	311
P28482_60	P28482	5wp1	A	cre66	173	196	kd66	25	313	173	196	25	313
P28482_60	P28482	1pme	A	cre66	173	196	kd66	25	313	173	196	25	313
P28482_60	P28482	6slg	A	cre66	173	196	kd66	25	313	173	196	25	313
P28482_60	P28482	2ojg	A	cre66	173	196	kd66	25	313	171	194	23	311
P28482_60	P28482	6rq4	A	cre66	173	196	kd66	25	313	173	196	25	313
P28482_60	P28482	3d42	B	cre66	173	196	kd66	25	313	183	186	183	186
P28482_60	P28482	3d44	B	cre66	173	196	kd66	25	313	184	186	184	186
P29323_60	P29323	3zfm	A	cre71	588	621	kd71	621	884	615	621	621	884
P31749_60	P31749	6hhh	A	cre72	17	149	kd72	150	408	17	149	150	408
P31749_60	P31749	3o96	A	cre72	17	149	kd72	150	408	17	149	150	408
P31749_60	P31749	6hhg	A	cre72	17	149	kd72	150	408	17	149	150	408
P31749_60	P31749	6hhi	A	cre72	17	149	kd72	150	408	17	149	150	408
P31749_60	P31749	6hhj	A	cre72	17	149	kd72	150	408	17	149	150	408
P31749_60	P31749	6s9w	A	cre72	17	149	kd72	150	408	17	149	150	408
P31749_60	P31749	7nh5	A	cre72	17	149	kd72	150	408	17	149	150	408
P31749_60	P31749	6s9x	A	cre72	17	149	kd72	150	408	17	149	150	408
P31749_60	P31749	6hhf	A	cre72	17	149	kd72	150	408	17	149	150	408
P31749_60	P31749	7apj	A	cre72	17	149	kd72	150	408	17	142	143	401
P31749_60	P31749	7nh4	A	cre72	17	149	kd72	150	408	17	149	150	408
P31749_60	P31749	4ejn	A	cre72	17	149	kd72	150	408	17	149	150	408
P31749_60	P31749	5kcv	A	cre72	17	149	kd72	150	408	17	149	150	408
P31749_60	P31749	6npz	A	cre72	17	149	kd72	150	408	142	149	150	408
P31749_60	P31749	3cqu	A	cre72	17	149	kd72	150	408	144	149	150	408
P31749_60	P31749	3cqw	A	cre72	17	149	kd72	150	408	144	149	150	408
P31749_60	P31749	3ocb	A	cre72	17	149	kd72	150	408	144	149	150	408
P31749_60	P31749	3ow4	A	cre72	17	149	kd72	150	408	144	149	150	408
P31749_60	P31749	3qkk	A	cre72	17	149	kd72	150	408	144	149	150	408
P31749_60	P31749	3qkl	A	cre72	17	149	kd72	150	408	144	149	150	408
P31749_60	P31749	3qkm	A	cre72	17	149	kd72	150	408	144	149	150	408
P31749_60	P31749	4ekl	A	cre72	17	149	kd72	150	408	144	149	150	408
P31749_60	P31749	6buu	A	cre72	17	149	kd72	150	408	144	149	150	408
P31749_60	P31749	3mv5	A	cre72	17	149	kd72	150	408	144	149	150	408
P31749_60	P31749	4ekk	A	cre72	17	149	kd72	150	408	144	149	150	408
P31749_60	P31749	4gv1	A	cre72	17	149	kd72	150	408	144	149	150	408
P31749_60	P31749	6ccy	A	cre72	17	149	kd72	150	408	142	149	150	408
P31749_60	P31749	3mvh	A	cre72	17	149	kd72	150	408	145	149	150	408
P31751_60	P31751	3d0e	A	cre73	17	151	kd73	152	409	146	151	152	409
P31751_60	P31751	3d0e	B	cre73	17	151	kd73	152	409	146	151	152	409
P31751_60	P31751	3e87	A	cre73	17	151	kd73	152	409	146	151	152	409
P31751_60	P31751	3e88	A	cre73	17	151	kd73	152	409	146	151	152	409
P31751_60	P31751	3e8d	A	cre73	17	151	kd73	152	409	146	151	152	409
P31751_60	P31751	1o6k	A	cre73	17	151	kd73	152	409	146	151	152	409
P31751_60	P31751	2xh5	A	cre73	17	151	kd73	152	409	146	151	152	409
P31751_60	P31751	1o6l	A	cre73	17	151	kd73	152	409	146	151	152	409
P31751_60	P31751	2jdo	A	cre73	17	151	kd73	152	409	146	151	152	409
P31751_60	P31751	2jdr	A	cre73	17	151	kd73	152	409	146	151	152	409
P31751_60	P31751	2uw9	A	cre73	17	151	kd73	152	409	146	151	152	409
P31751_60	P31751	2x39	A	cre73	17	151	kd73	152	409	146	151	152	409
P31751_60	P31751	1gzn	A	cre73	17	151	kd73	152	409	146	151	152	409
P31751_60	P31751	1gzo	A	cre73	17	151	kd73	152	409	146	151	152	409
P31751_60	P31751	1gzk	A	cre73	17	151	kd73	152	409	146	151	152	409
P31751_60	P31751	1mry	A	cre73	17	151	kd73	152	409	146	151	152	409
P31751_60	P31751	1mrv	A	cre73	17	151	kd73	152	409	147	151	152	409
P35968_60	P35968	4agc	A	cre77	1163	1356	kd77	834	1162	1163	1169	834	1162
P35968_60	P35968	4agd	A	cre77	1163	1356	kd77	834	1162	1163	1169	834	1162
P35968_60	P35968	4ase	A	cre77	1163	1356	kd77	834	1162	1163	1169	834	1162
P35968_60	P35968	4asd	A	cre77	1163	1356	kd77	834	1162	1163	1168	834	1162
P35968_60	P35968	3vhe	A	cre77	1163	1356	kd77	834	1162	1163	1169	834	1162
P35968_60	P35968	6gqo	A	cre77	1163	1356	kd77	834	1162	1163	1168	834	1162
P35968_60	P35968	3vnt	A	cre77	1163	1356	kd77	834	1162	1163	1168	834	1162
P35968_60	P35968	3vo3	A	cre77	1163	1356	kd77	834	1162	1163	1168	834	1162
P35968_60	P35968	3vid	A	cre77	1163	1356	kd77	834	1162	1163	1168	834	1162
P35968_60	P35968	6gqq	A	cre77	1163	1356	kd77	834	1162	1163	1167	834	1162
P35968_60	P35968	6xvj	A	cre77	1163	1356	kd77	834	1162	1163	1167	834	1162
P35968_60	P35968	3vhk	A	cre77	1163	1356	kd77	834	1162	1163	1168	834	1162
P35968_60	P35968	2p2h	A	cre77	1163	1356	kd77	834	1162	1163	1175	834	1162
P35968_60	P35968	2rl5	A	cre77	1163	1356	kd77	834	1162	1163	1175	834	1162
P35968_60	P35968	3be2	A	cre77	1163	1356	kd77	834	1162	1163	1176	834	1162
P35968_60	P35968	3ewh	A	cre77	1163	1356	kd77	834	1162	1163	1176	834	1162
P35968_60	P35968	3u6j	A	cre77	1163	1356	kd77	834	1162	1163	1173	834	1162
P35968_60	P35968	3wze	A	cre77	1163	1356	kd77	834	1162	1163	1167	834	1162
P35968_60	P35968	2oh4	A	cre77	1163	1356	kd77	834	1162	1161	1169	832	1160
P35968_60	P35968	2qu5	A	cre77	1163	1356	kd77	834	1162	1163	1170	834	1162
P35968_60	P35968	2xir	A	cre77	1163	1356	kd77	834	1162	1163	1168	834	1162
P35968_60	P35968	3cjg	A	cre77	1163	1356	kd77	834	1162	1161	1166	832	1160
P35968_60	P35968	4ag8	A	cre77	1163	1356	kd77	834	1162	1163	1168	834	1162
P35968_60	P35968	2p2i	A	cre77	1163	1356	kd77	834	1162	1163	1178	834	1162
P35968_60	P35968	2qu6	A	cre77	1163	1356	kd77	834	1162	1163	1178	834	1162
P35968_60	P35968	3cp9	A	cre77	1163	1356	kd77	834	1162	1163	1178	834	1162
P35968_60	P35968	3efl	A	cre77	1163	1356	kd77	834	1162	1163	1178	834	1162
P35968_60	P35968	3cjf	A	cre77	1163	1356	kd77	834	1162	1161	1166	832	1160
P35968_60	P35968	3b8q	A	cre77	1163	1356	kd77	834	1162	1163	1178	834	1162
P35968_60	P35968	3b8r	A	cre77	1163	1356	kd77	834	1162	1163	1178	834	1162
P35968_60	P35968	3dtw	A	cre77	1163	1356	kd77	834	1162	1163	1178	834	1162
P35968_60	P35968	3c7q	A	cre77	1163	1356	kd77	834	1162	1163	1171	834	1162
P35968_60	P35968	3cpb	A	cre77	1163	1356	kd77	834	1162	1163	1178	834	1162
P35968_60	P35968	1y6b	A	cre77	1163	1356	kd77	834	1162	1161	1166	832	1160
P35968_60	P35968	1ywn	A	cre77	1163	1356	kd77	834	1162	1161	1169	832	1160
P35968_60	P35968	3cpc	A	cre77	1163	1356	kd77	834	1162	1163	1178	834	1162
P35968_60	P35968	1vr2	A	cre77	1163	1356	kd77	834	1162	1163	1168	834	1162
P35968_60	P35968	5ew3	A	cre77	1163	1356	kd77	834	1162	1163	1168	834	1162
P35968_60	P35968	1y6a	A	cre77	1163	1356	kd77	834	1162	1161	1165	832	1160
P35968_60	P35968	3wzd	A	cre77	1163	1356	kd77	834	1162	1163	1167	834	1162
P35968_60	P35968	6gqp	A	cre77	1163	1356	kd77	834	1162	1163	1168	834	1162
P35968_60	P35968	6xvk	A	cre77	1163	1356	kd77	834	1162	1163	1168	834	1162
P36507_60	P36507	1s9i	A	cre78	75	102	kd78	72	369	75	102	72	369
P36507_60	P36507	1s9i	B	cre78	75	102	kd78	72	369	75	102	72	369
P36888_60	P36888	6il3	A	cre79	565	602	kd79	610	943	569	602	610	943
P36888_60	P36888	6jqr	A	cre79	565	602	kd79	610	943	571	602	610	943
P36888_60	P36888	1rjb	A	cre79	565	602	kd79	610	943	572	602	610	943
P36888_60	P36888	5x02	A	cre79	565	602	kd79	610	943	573	602	610	943
P36888_60	P36888	4rt7	A	cre79	565	602	kd79	610	943	599	602	610	943
P36888_60	P36888	4xuf	A	cre79	565	602	kd79	610	943	600	602	610	943
P43403_60	P43403	2ozo	A	cre83	126	155	kd83	338	600	126	155	338	600
P43403_60	P43403	2ozo	A	cre84	256	337	kd83	338	600	256	337	338	600
P43403_60	P43403	4k2r	A	cre83	126	155	kd83	338	600	126	155	338	600
P43403_60	P43403	4k2r	A	cre84	256	337	kd83	338	600	256	337	338	600
P43403_60	P43403	1u59	A	cre84	256	337	kd83	338	600	328	337	338	600
P45985_60	P45985	3vut	A	cre85	109	136	kd84	102	367	142	337	142	367
P45985_60	P45985	3aln	A	cre85	109	136	kd84	102	367	109	136	102	367
P45985_60	P45985	3alo	A	cre85	109	136	kd84	102	367	109	136	102	367
P49137_60	P49137	1nxk	A	cre90	339	353	kd89	64	325	339	345	64	325
P49138_60	P49137	1nxk	A	cre90	339	353	kd89	64	325	339	345	64	325
P49137_60	P49137	3kc3	A	cre90	339	353	kd89	64	325	339	347	64	325
P49137_60	P49137	3kc3	F	cre90	339	353	kd89	64	325	339	350	64	325
P49137_60	P49137	3kc3	H	cre90	339	353	kd89	64	325	339	350	64	325
P49138_60	P49137	3kc3	A	cre90	339	353	kd89	64	325	339	347	64	325
P49138_60	P49137	3kc3	F	cre90	339	353	kd89	64	325	339	350	64	325
P49138_60	P49137	3kc3	H	cre90	339	353	kd89	64	325	339	350	64	325
P49137_60	P49137	2pzy	A	cre90	339	353	kd89	64	325	339	346	64	325
P49138_60	P49137	2pzy	A	cre90	339	353	kd89	64	325	339	346	64	325
P49137_60	P49137	1kwp	A	cre90	339	353	kd89	64	325	339	353	64	325
P49138_60	P49137	1kwp	A	cre90	339	353	kd89	64	325	339	353	64	325
P49137_60	P49137	2jbp	A	cre90	339	353	kd89	64	325	339	350	64	325
P49138_60	P49137	2jbp	A	cre90	339	353	kd89	64	325	339	350	64	325
P49137_60	P49137	2jbo	A	cre90	339	353	kd89	64	325	339	347	64	325
P49138_60	P49137	2jbo	A	cre90	339	353	kd89	64	325	339	347	64	325
P49137_60	P49137	3fpm	A	cre90	339	353	kd89	64	325	339	345	64	325
P49138_60	P49137	3fpm	A	cre90	339	353	kd89	64	325	339	345	64	325
P49137_60	P49137	7nry	X	cre90	339	353	kd89	64	325	339	353	64	325
P49138_60	P49137	7nry	X	cre90	339	353	kd89	64	325	339	353	64	325
P49137_60	P49137	2p3g	X	cre90	339	353	kd89	64	325	339	353	64	325
P49138_60	P49137	2p3g	X	cre90	339	353	kd89	64	325	339	353	64	325
P49137_60	P49137	3fyj	X	cre90	339	353	kd89	64	325	339	353	64	325
P49138_60	P49137	3fyj	X	cre90	339	353	kd89	64	325	339	353	64	325
P49137_60	P49137	3fyk	X	cre90	339	353	kd89	64	325	339	353	64	325
P49138_60	P49137	3fyk	X	cre90	339	353	kd89	64	325	339	353	64	325
P49137_60	P49137	2onl	C	cre90	339	353	kd89	64	325	339	353	64	325
P49138_60	P49137	2onl	C	cre90	339	353	kd89	64	325	339	353	64	325
P49137_60	P49137	3gok	A	cre90	339	353	kd89	64	325	339	350	64	325
P49137_60	P49137	3gok	B	cre90	339	353	kd89	64	325	339	350	64	325
P49137_60	P49137	3gok	C	cre90	339	353	kd89	64	325	339	350	64	325
P49137_60	P49137	3gok	D	cre90	339	353	kd89	64	325	339	350	64	325
P49137_60	P49137	3gok	E	cre90	339	353	kd89	64	325	339	350	64	325
P49137_60	P49137	3gok	F	cre90	339	353	kd89	64	325	339	350	64	325
P49137_60	P49137	3gok	G	cre90	339	353	kd89	64	325	339	350	64	325
P49137_60	P49137	3gok	H	cre90	339	353	kd89	64	325	339	350	64	325
P49137_60	P49137	3gok	I	cre90	339	353	kd89	64	325	339	350	64	325
P49137_60	P49137	3gok	J	cre90	339	353	kd89	64	325	339	350	64	325
P49137_60	P49137	3gok	K	cre90	339	353	kd89	64	325	339	350	64	325
P49137_60	P49137	3gok	L	cre90	339	353	kd89	64	325	339	350	64	325
P49138_60	P49137	3gok	A	cre90	339	353	kd89	64	325	339	350	64	325
P49138_60	P49137	3gok	B	cre90	339	353	kd89	64	325	339	350	64	325
P49138_60	P49137	3gok	C	cre90	339	353	kd89	64	325	339	350	64	325
P49138_60	P49137	3gok	D	cre90	339	353	kd89	64	325	339	350	64	325
P49138_60	P49137	3gok	E	cre90	339	353	kd89	64	325	339	350	64	325
P49138_60	P49137	3gok	F	cre90	339	353	kd89	64	325	339	350	64	325
P49138_60	P49137	3gok	G	cre90	339	353	kd89	64	325	339	350	64	325
P49138_60	P49137	3gok	H	cre90	339	353	kd89	64	325	339	350	64	325
P49138_60	P49137	3gok	I	cre90	339	353	kd89	64	325	339	350	64	325
P49138_60	P49137	3gok	J	cre90	339	353	kd89	64	325	339	350	64	325
P49138_60	P49137	3gok	K	cre90	339	353	kd89	64	325	339	350	64	325
P49138_60	P49137	3gok	L	cre90	339	353	kd89	64	325	339	350	64	325
P49137_60	P49137	3wi6	A	cre90	339	353	kd89	64	325	339	347	64	325
P49137_60	P49137	3wi6	B	cre90	339	353	kd89	64	325	339	347	64	325
P49137_60	P49137	3wi6	C	cre90	339	353	kd89	64	325	339	347	64	325
P49137_60	P49137	3wi6	D	cre90	339	353	kd89	64	325	339	347	64	325
P49137_60	P49137	3wi6	E	cre90	339	353	kd89	64	325	339	347	64	325
P49137_60	P49137	3wi6	F	cre90	339	353	kd89	64	325	339	347	64	325
P49138_60	P49137	3wi6	A	cre90	339	353	kd89	64	325	339	347	64	325
P49138_60	P49137	3wi6	B	cre90	339	353	kd89	64	325	339	347	64	325
P49138_60	P49137	3wi6	C	cre90	339	353	kd89	64	325	339	347	64	325
P49138_60	P49137	3wi6	D	cre90	339	353	kd89	64	325	339	347	64	325
P49138_60	P49137	3wi6	E	cre90	339	353	kd89	64	325	339	347	64	325
P49138_60	P49137	3wi6	F	cre90	339	353	kd89	64	325	339	347	64	325
P49137_60	P49137	1ny3	A	cre90	339	353	kd89	64	325	339	345	64	325
P49138_60	P49137	1ny3	A	cre90	339	353	kd89	64	325	339	345	64	325
P49137_60	P49137	3r2y	A	cre90	339	353	kd89	64	325	339	345	64	325
P49138_60	P49137	3r2y	A	cre90	339	353	kd89	64	325	339	345	64	325
P49137_60	P49137	3r30	A	cre90	339	353	kd89	64	325	339	345	64	325
P49138_60	P49137	3r30	A	cre90	339	353	kd89	64	325	339	345	64	325
P49137_60	P49137	3ka0	A	cre90	339	353	kd89	64	325	339	353	64	325
P49138_60	P49137	3ka0	A	cre90	339	353	kd89	64	325	339	353	64	325
P49137_60	P49137	3kga	A	cre90	339	353	kd89	64	325	339	353	64	325
P49138_60	P49137	3kga	A	cre90	339	353	kd89	64	325	339	353	64	325
P49137_60	P49137	3m2w	A	cre90	339	353	kd89	64	325	339	353	64	325
P49138_60	P49137	3m2w	A	cre90	339	353	kd89	64	325	339	353	64	325
P49137_60	P49137	3m42	A	cre90	339	353	kd89	64	325	339	353	64	325
P49138_60	P49137	3m42	A	cre90	339	353	kd89	64	325	339	353	64	325
P49137_60	P49137	3a2c	A	cre90	339	353	kd89	64	325	339	344	64	325
P49137_60	P49137	3a2c	B	cre90	339	353	kd89	64	325	339	345	64	325
P49137_60	P49137	3a2c	C	cre90	339	353	kd89	64	325	339	342	64	325
P49137_60	P49137	3a2c	D	cre90	339	353	kd89	64	325	339	344	64	325
P49137_60	P49137	3a2c	E	cre90	339	353	kd89	64	325	339	344	64	325
P49137_60	P49137	3a2c	F	cre90	339	353	kd89	64	325	339	345	64	325
P49137_60	P49137	3a2c	G	cre90	339	353	kd89	64	325	339	342	64	325
P49137_60	P49137	3a2c	H	cre90	339	353	kd89	64	325	339	343	64	325
P49137_60	P49137	3a2c	I	cre90	339	353	kd89	64	325	339	343	64	325
P49137_60	P49137	3a2c	J	cre90	339	353	kd89	64	325	339	343	64	325
P49137_60	P49137	3a2c	K	cre90	339	353	kd89	64	325	339	344	64	325
P49137_60	P49137	3a2c	L	cre90	339	353	kd89	64	325	339	344	64	325
P49138_60	P49137	3a2c	A	cre90	339	353	kd89	64	325	339	344	64	325
P49138_60	P49137	3a2c	B	cre90	339	353	kd89	64	325	339	345	64	325
P49138_60	P49137	3a2c	C	cre90	339	353	kd89	64	325	339	342	64	325
P49138_60	P49137	3a2c	D	cre90	339	353	kd89	64	325	339	344	64	325
P49138_60	P49137	3a2c	E	cre90	339	353	kd89	64	325	339	344	64	325
P49138_60	P49137	3a2c	F	cre90	339	353	kd89	64	325	339	345	64	325
P49138_60	P49137	3a2c	G	cre90	339	353	kd89	64	325	339	342	64	325
P49138_60	P49137	3a2c	H	cre90	339	353	kd89	64	325	339	343	64	325
P49138_60	P49137	3a2c	I	cre90	339	353	kd89	64	325	339	343	64	325
P49138_60	P49137	3a2c	J	cre90	339	353	kd89	64	325	339	343	64	325
P49138_60	P49137	3a2c	K	cre90	339	353	kd89	64	325	339	344	64	325
P49138_60	P49137	3a2c	L	cre90	339	353	kd89	64	325	339	344	64	325
P49137_60	P49137	3r2b	A	cre90	339	353	kd89	64	325	339	345	64	325
P49138_60	P49137	3r2b	A	cre90	339	353	kd89	64	325	339	345	64	325
P49137_60	P49137	4tyh	A	cre90	339	353	kd89	64	325	339	353	64	325
P49138_60	P49137	4tyh	A	cre90	339	353	kd89	64	325	339	353	64	325
P49137_60	P49137	6tca	A	cre90	339	353	kd89	64	325	339	353	64	325
P49138_60	P49137	6tca	A	cre90	339	353	kd89	64	325	339	353	64	325
P49137_60	P49137	2oza	A	cre90	339	353	kd89	64	325	339	353	64	325
P49138_60	P49137	2oza	A	cre90	339	353	kd89	64	325	339	353	64	325
P51812_60	P51812	4jg7	A	cre94	694	711	kd94	422	679	694	711	422	679
P51812_60	P51812	4jg6	A	cre94	694	711	kd94	422	679	694	711	422	679
P51812_60	P51812	4d9u	A	cre94	694	711	kd94	422	679	694	711	422	679
P51812_60	P51812	4jg8	A	cre94	694	711	kd94	422	679	694	711	422	679
P51812_60	P51812	4d9t	A	cre94	694	711	kd94	422	679	694	711	422	679
P53355_60	P53355	2w4k	A	cre95	292	301	kd95	13	275	292	301	13	275
Q80YE7_60	P53355	2w4k	A	cre95	292	301	kd95	13	275	292	301	13	275
P53355_60	P53355	2xuu	A	cre95	292	301	kd95	13	275	292	301	13	275
Q80YE7_60	P53355	2xuu	A	cre95	292	301	kd95	13	275	292	301	13	275
P53355_60	P53355	6fhb	A	cre95	292	301	kd95	13	275	292	301	13	275
Q80YE7_60	P53355	6fhb	A	cre95	292	301	kd95	13	275	292	301	13	275
P53355_60	P53355	4tl0	A	cre95	292	301	kd95	13	275	292	301	13	275
Q80YE7_60	P53355	4tl0	A	cre95	292	301	kd95	13	275	292	301	13	275
P53355_60	P53355	1ig1	A	cre95	292	301	kd95	13	275	291	277	13	275
Q80YE7_60	P53355	1ig1	A	cre95	292	301	kd95	13	275	291	277	13	275
P53355_60	P53355	1jkl	A	cre95	292	301	kd95	13	275	291	277	13	275
Q80YE7_60	P53355	1jkl	A	cre95	292	301	kd95	13	275	291	277	13	275
P53355_60	P53355	1jks	A	cre95	292	301	kd95	13	275	291	277	13	275
Q80YE7_60	P53355	1jks	A	cre95	292	301	kd95	13	275	291	277	13	275
P53355_60	P53355	1p4f	A	cre95	292	301	kd95	13	275	292	277	13	275
Q80YE7_60	P53355	1p4f	A	cre95	292	301	kd95	13	275	292	277	13	275
P53355_60	P53355	2x0g	A	cre95	292	301	kd95	13	275	292	301	13	275
Q80YE7_60	P53355	2x0g	A	cre95	292	301	kd95	13	275	292	301	13	275
P53355_60	P53355	2y0a	A	cre95	292	301	kd95	13	275	292	301	13	275
Q80YE7_60	P53355	2y0a	A	cre95	292	301	kd95	13	275	292	301	13	275
P53355_60	P53355	4uv0	A	cre95	292	301	kd95	13	275	292	301	13	275
Q80YE7_60	P53355	4uv0	A	cre95	292	301	kd95	13	275	292	301	13	275
P53355_60	P53355	2xzs	A	cre95	292	301	kd95	13	275	292	301	13	275
Q80YE7_60	P53355	2xzs	A	cre95	292	301	kd95	13	275	292	301	13	275
P53355_60	P53355	6fha	A	cre95	292	301	kd95	13	275	292	301	13	275
Q80YE7_60	P53355	6fha	A	cre95	292	301	kd95	13	275	292	301	13	275
P53355_60	P53355	6qmo	A	cre95	292	301	kd95	13	275	292	301	13	275
Q80YE7_60	P53355	6qmo	A	cre95	292	301	kd95	13	275	292	301	13	275
P53355_60	P53355	4b4l	A	cre95	292	301	kd95	13	275	292	301	13	275
Q80YE7_60	P53355	4b4l	A	cre95	292	301	kd95	13	275	292	301	13	275
P54645_60	P54645	4qfg	A	cre99	302	381	kd99	27	279	396	278	16	268
Q13131_60	P54645	4qfg	A	cre99	302	381	kd99	27	279	396	278	16	268
P54645_60	P54645	4qfr	A	cre99	302	381	kd99	27	279	395	277	16	268
Q13131_60	P54645	4qfr	A	cre99	302	381	kd99	27	279	395	277	16	268
P54645_60	P54645	4qfs	A	cre99	302	381	kd99	27	279	395	277	16	268
Q13131_60	P54645	4qfs	A	cre99	302	381	kd99	27	279	395	277	16	268
P54645_60	P54645	5t5t	A	cre99	302	381	kd99	27	279	394	279	16	268
Q13131_60	P54645	5t5t	A	cre99	302	381	kd99	27	279	394	279	16	268
P54645_60	P54645	6e4t	A	cre99	302	381	kd99	27	279	395	277	16	268
Q13131_60	P54645	6e4t	A	cre99	302	381	kd99	27	279	395	277	16	268
P54645_60	P54645	6e4u	A	cre99	302	381	kd99	27	279	395	279	16	268
Q13131_60	P54645	6e4u	A	cre99	302	381	kd99	27	279	395	279	16	268
P54645_60	P54645	6e4w	A	cre99	302	381	kd99	27	279	395	277	16	268
Q13131_60	P54645	6e4w	A	cre99	302	381	kd99	27	279	395	277	16	268
P54645_60	P54645	4cfh	A	cre99	302	381	kd99	27	279	321	370	16	268
P54645_60	P54645	4cfh	C	cre99	302	381	kd99	27	279	528	370	528	268
Q13131_60	P54645	4cfh	A	cre99	302	381	kd99	27	279	321	370	16	268
Q13131_60	P54645	4cfh	C	cre99	302	381	kd99	27	279	528	370	528	268
P54645_60	P54645	5kq5	A	cre99	302	381	kd99	27	279	394	277	16	268
Q13131_60	P54645	5kq5	A	cre99	302	381	kd99	27	279	394	277	16	268
P54645_60	P54645	5ufu	A	cre99	302	381	kd99	27	279	394	279	16	268
Q13131_60	P54645	5ufu	A	cre99	302	381	kd99	27	279	394	279	16	268
P54645_60	Q13131	5ezv	A	cre122	302	381	kd122	27	279	291	366	16	268
Q13131_60	Q13131	5ezv	A	cre122	302	381	kd122	27	279	291	366	16	268
P54645_60	Q13131	4rer	A	cre122	302	381	kd122	27	279	293	372	18	270
Q13131_60	Q13131	4rer	A	cre122	302	381	kd122	27	279	293	372	18	270
P54645_60	Q13131	4rew	A	cre122	302	381	kd122	27	279	330	372	18	270
Q13131_60	Q13131	4rew	A	cre122	302	381	kd122	27	279	330	372	18	270
P54645_60	Q13131	6c9j	A	cre122	302	381	kd122	27	279	359	371	18	270
Q13131_60	Q13131	6c9j	A	cre122	302	381	kd122	27	279	359	371	18	270
P54645_60	Q13131	7jhg	A	cre122	302	381	kd122	27	279	284	283	18	270
Q13131_60	Q13131	7jhg	A	cre122	302	381	kd122	27	279	284	283	18	270
P54645_60	Q13131	7jhh	A	cre122	302	381	kd122	27	279	390	284	18	270
Q13131_60	Q13131	7jhh	A	cre122	302	381	kd122	27	279	390	284	18	270
P54645_60	Q13131	7jij	A	cre122	302	381	kd122	27	279	332	372	18	270
Q13131_60	Q13131	7jij	A	cre122	302	381	kd122	27	279	332	372	18	270
P54645_60	Q13131	7m74	A	cre122	302	381	kd122	27	279	284	283	18	270
Q13131_60	Q13131	7m74	A	cre122	302	381	kd122	27	279	284	283	18	270
P54645_60	Q13131	6c9f	A	cre122	302	381	kd122	27	279	395	282	18	270
Q13131_60	Q13131	6c9f	A	cre122	302	381	kd122	27	279	395	282	18	270
P54645_60	Q13131	6c9g	A	cre122	302	381	kd122	27	279	330	342	18	270
Q13131_60	Q13131	6c9g	A	cre122	302	381	kd122	27	279	330	342	18	270
P54645_60	Q13131	6c9h	A	cre122	302	381	kd122	27	279	293	368	18	270
Q13131_60	Q13131	6c9h	A	cre122	302	381	kd122	27	279	293	368	18	270
P54645_60	Q13131	4red	A	cre122	302	381	kd122	27	279	293	351	18	270
P54645_60	Q13131	4red	B	cre122	302	381	kd122	27	279	293	351	18	270
Q13131_60	Q13131	4red	A	cre122	302	381	kd122	27	279	293	351	18	270
Q13131_60	Q13131	4red	B	cre122	302	381	kd122	27	279	293	351	18	270
P54646_60	P54646	7myj	A	cre100	291	376	kd100	16	268	291	374	16	268
Q09137_60	P54646	7myj	A	cre100	291	376	kd100	16	268	291	374	16	268
Q8BRK8_60	P54646	7myj	A	cre100	291	376	kd100	16	268	291	374	16	268
P54646_60	P54646	6b1u	A	cre100	291	376	kd100	16	268	291	374	16	268
Q09137_60	P54646	6b1u	A	cre100	291	376	kd100	16	268	291	374	16	268
Q8BRK8_60	P54646	6b1u	A	cre100	291	376	kd100	16	268	291	374	16	268
P54646_60	P54646	4cfe	C	cre100	291	376	kd100	16	268	327	372	16	268
Q09137_60	P54646	4cfe	C	cre100	291	376	kd100	16	268	327	372	16	268
Q8BRK8_60	P54646	4cfe	C	cre100	291	376	kd100	16	268	327	372	16	268
P54646_60	P54646	4cff	C	cre100	291	376	kd100	16	268	291	376	16	268
Q09137_60	P54646	4cff	C	cre100	291	376	kd100	16	268	291	376	16	268
Q8BRK8_60	P54646	4cff	C	cre100	291	376	kd100	16	268	291	376	16	268
P54646_60	P54646	4zhx	A	cre100	291	376	kd100	16	268	291	344	16	268
Q09137_60	P54646	4zhx	A	cre100	291	376	kd100	16	268	291	344	16	268
Q8BRK8_60	P54646	4zhx	A	cre100	291	376	kd100	16	268	291	344	16	268
P54646_60	P54646	5iso	A	cre100	291	376	kd100	16	268	291	376	16	268
Q09137_60	P54646	5iso	A	cre100	291	376	kd100	16	268	291	376	16	268
Q8BRK8_60	P54646	5iso	A	cre100	291	376	kd100	16	268	291	376	16	268
P54646_60	P54646	6b2e	A	cre100	291	376	kd100	16	268	291	376	16	268
Q09137_60	P54646	6b2e	A	cre100	291	376	kd100	16	268	291	376	16	268
Q8BRK8_60	P54646	6b2e	A	cre100	291	376	kd100	16	268	291	376	16	268
P54646_60	P54646	5ezv	A	cre100	291	376	kd100	16	268	291	363	16	268
Q09137_60	P54646	5ezv	A	cre100	291	376	kd100	16	268	291	363	16	268
Q8BRK8_60	P54646	5ezv	A	cre100	291	376	kd100	16	268	291	363	16	268
Q00944_60	Q00944	2j0m	A	cre110	35	362	kd110	422	680	35	359	16	359
Q00944_60	Q00944	2j0m	B	cre110	35	362	kd110	422	680	414	359	422	680
Q00944_60	Q00944	6ty4	A	cre110	35	362	kd110	422	680	35	362	422	680
Q00944_60	Q00944	6ty4	B	cre110	35	362	kd110	422	680	35	362	422	680
Q00944_60	Q00944	2j0j	A	cre110	35	362	kd110	422	680	35	362	422	680
Q00944_60	Q00944	2j0k	A	cre110	35	362	kd110	422	680	35	362	422	680
Q00944_60	Q00944	6ty3	A	cre110	35	362	kd110	422	680	35	361	422	680
Q00944_60	Q00944	6ty3	B	cre110	35	362	kd110	422	680	35	361	422	680
Q01974_60	Q01974	4gt4	A	cre111	633	646	kd111	473	746	633	646	473	746
Q01974_60	Q01974	3zzw	A	cre111	633	646	kd111	473	746	633	646	473	746
Q01974_60	Q01974	3zzw	B	cre111	633	646	kd111	473	746	633	646	473	746
Q02750_60	Q02750	7b3m	A	cre112	75	102	kd112	68	361	75	102	68	361
Q02750_60	Q02750	7b7r	A	cre112	75	102	kd112	68	361	75	102	68	361
Q02750_60	Q02750	7b94	A	cre112	75	102	kd112	68	361	75	102	68	361
Q02750_60	Q02750	7b9l	A	cre112	75	102	kd112	68	361	75	102	68	361
Q02750_60	Q02750	6pp9	B	cre112	75	102	kd112	68	361	75	102	68	361
Q02750_60	Q02750	3eqc	A	cre112	75	102	kd112	68	361	75	102	68	361
Q02750_60	Q02750	3eqd	A	cre112	75	102	kd112	68	361	75	102	68	361
Q02750_60	Q02750	3eqi	A	cre112	75	102	kd112	68	361	75	102	68	361
Q02750_60	Q02750	3w8q	A	cre112	75	102	kd112	68	361	75	102	68	361
Q02750_60	Q02750	3zls	A	cre112	75	102	kd112	68	361	75	102	68	361
Q02750_60	Q02750	3zlw	A	cre112	75	102	kd112	68	361	75	102	68	361
Q02750_60	Q02750	3zlx	A	cre112	75	102	kd112	68	361	75	102	68	361
Q02750_60	Q02750	5bx0	A	cre112	75	102	kd112	68	361	75	102	68	361
Q02750_60	Q02750	5yt3	A	cre112	75	102	kd112	68	361	75	102	68	361
Q02750_60	Q02750	5yt3	B	cre112	75	102	kd112	68	361	75	102	68	361
Q02750_60	Q02750	7pqv	A	cre112	75	102	kd112	68	361	75	102	68	361
Q02750_60	Q02750	3eqf	A	cre112	75	102	kd112	68	361	75	102	68	361
Q02750_60	Q02750	3eqg	A	cre112	75	102	kd112	68	361	75	102	68	361
Q02750_60	Q02750	3eqh	A	cre112	75	102	kd112	68	361	75	102	68	361
Q02750_60	Q02750	6v2w	B	cre112	75	102	kd112	68	361	75	102	68	361
Q02750_60	Q02750	7m0x	B	cre112	75	102	kd112	68	361	75	102	68	361
Q02750_60	Q02750	3zly	A	cre112	75	102	kd112	68	361	75	102	68	361
Q02750_60	Q02750	3zm4	A	cre112	75	102	kd112	68	361	75	102	68	361
Q02750_60	Q02750	5eym	A	cre112	75	102	kd112	68	361	75	102	68	361
Q02750_60	Q02750	7m0t	B	cre112	75	102	kd112	68	361	75	102	68	361
Q02750_60	Q02750	7m0v	B	cre112	75	102	kd112	68	361	75	102	68	361
Q02750_60	Q02750	7m0w	B	cre112	75	102	kd112	68	361	75	102	68	361
Q02750_60	Q02750	7m0z	B	cre112	75	102	kd112	68	361	75	102	68	361
Q02750_60	Q02750	7m0u	B	cre112	75	102	kd112	68	361	75	102	68	361
Q02750_60	Q02750	6u2g	A	cre112	75	102	kd112	68	361	75	102	68	361
Q02750_60	Q02750	5hze	A	cre112	75	102	kd112	68	361	75	102	68	361
Q02750_60	Q02750	7m0y	B	cre112	75	102	kd112	68	361	75	102	68	361
Q02750_60	Q02750	6q0j	C	cre112	75	102	kd112	68	361	75	102	68	361
Q02750_60	Q02750	6q0j	D	cre112	75	102	kd112	68	361	75	102	68	361
Q02750_60	Q02750	6q0t	C	cre112	75	102	kd112	68	361	75	102	68	361
Q02750_60	Q02750	3sls	A	cre112	75	102	kd112	68	361	75	102	68	323
Q02750_60	Q02750	7mfd	B	cre112	75	102	kd112	68	361	75	102	68	361
Q02750_60	Q02750	6nyb	B	cre112	75	102	kd112	68	361	75	102	68	361
Q02750_60	Q02750	4an2	A	cre112	75	102	kd112	68	361	75	102	68	361
Q02750_60	Q02750	4an3	A	cre112	75	102	kd112	68	361	75	102	68	361
Q02750_60	Q02750	4an9	A	cre112	75	102	kd112	68	361	75	102	68	361
Q02750_60	Q02750	4anb	A	cre112	75	102	kd112	68	361	75	102	68	361
Q02750_60	Q02750	1s9j	A	cre112	75	102	kd112	68	361	75	102	68	361
Q02750_60	Q02750	2p55	A	cre112	75	102	kd112	68	361	75	102	68	361
Q02750_60	Q02750	3dv3	A	cre112	75	102	kd112	68	361	75	102	68	361
Q02750_60	Q02750	3e8n	A	cre112	75	102	kd112	68	361	75	102	68	361
Q02750_60	Q02750	3eqb	A	cre112	75	102	kd112	68	361	75	102	68	361
Q02750_60	Q02750	3pp1	A	cre112	75	102	kd112	68	361	75	102	68	361
Q02750_60	Q02750	3v01	A	cre112	75	102	kd112	68	361	75	102	68	361
Q02750_60	Q02750	3v04	A	cre112	75	102	kd112	68	361	75	102	68	361
Q02750_60	Q02750	3vvh	A	cre112	75	102	kd112	68	361	75	102	68	361
Q02750_60	Q02750	4ark	A	cre112	75	102	kd112	68	361	75	102	68	361
Q02750_60	Q02750	4lmn	A	cre112	75	102	kd112	68	361	75	102	68	361
Q02750_60	Q02750	4mne	A	cre112	75	102	kd112	68	361	75	102	68	361
Q02750_60	Q02750	4mne	D	cre112	75	102	kd112	68	361	75	102	68	361
Q02750_60	Q02750	4u7z	A	cre112	75	102	kd112	68	361	75	102	68	361
Q02750_60	Q02750	4u81	A	cre112	75	102	kd112	68	361	75	102	68	361
Q02750_60	Q02750	3mbl	A	cre112	75	102	kd112	68	361	75	102	68	361
Q02750_60	Q02750	3orn	A	cre112	75	102	kd112	68	361	75	102	68	361
Q02750_60	Q02750	3wig	A	cre112	75	102	kd112	68	361	76	103	69	361
Q02750_60	Q02750	4u80	A	cre112	75	102	kd112	68	361	75	102	68	361
Q02750_60	Q02750	3os3	A	cre112	75	102	kd112	68	361	75	102	68	361
Q02750_60	Q02750	3dy7	A	cre112	75	102	kd112	68	361	75	102	68	361
Q08E52_60	Q13153	1f3m	A	cre123	83	149	kd123	270	521	83	147	68	147
Q08E52_60	Q13153	1f3m	B	cre123	83	149	kd123	270	521	83	147	68	147
Q08E52_60	Q13153	1f3m	C	cre123	83	149	kd123	270	521	249	147	270	521
Q08E52_60	Q13153	1f3m	D	cre123	83	149	kd123	270	521	249	147	270	521
Q13153_60	Q13153	1f3m	A	cre123	83	149	kd123	270	521	83	147	270	147
Q13153_60	Q13153	1f3m	B	cre123	83	149	kd123	270	521	83	147	270	147
Q13153_60	Q13153	1f3m	C	cre123	83	149	kd123	270	521	249	147	270	521
Q13153_60	Q13153	1f3m	D	cre123	83	149	kd123	270	521	249	147	270	521
Q13043_60	Q13043	3com	A	cre121	282	431	kd121	30	281	282	298	30	281
Q13043_60	Q13043	6yat	A	cre121	282	431	kd121	30	281	282	308	30	281
Q13043_60	Q13043	6yat	B	cre121	282	431	kd121	30	281	282	307	30	281
Q13043_60	Q13043	8a5j	A	cre121	282	431	kd121	30	281	381	408	129	380
Q13043_60	Q13043	8a5j	B	cre121	282	431	kd121	30	281	381	408	131	380
Q13188_60	Q13188	4lgd	A	cre127	279	435	kd126	27	278	279	313	27	278
Q13188_60	Q13188	4lg4	A	cre127	279	435	kd126	27	278	279	308	27	278
Q13188_60	Q13188	5dh3	A	cre127	279	435	kd126	27	278	279	307	27	278
Q13188_60	Q13188	5dh3	B	cre127	279	435	kd126	27	278	279	302	27	278
Q13188_60	Q13188	8a66	A	cre127	279	435	kd126	27	278	381	405	129	380
Q13188_60	Q13188	6ao5	A	cre127	279	435	kd126	27	278	279	435	28	278
Q13554_60	Q13554	3bhh	A	cre131	283	292	kd129	14	272	283	292	14	272
Q13555_60	Q13555	2v7o	A	cre132	283	292	kd130	14	272	283	292	14	272
Q13557_60	Q13557	5vlo	A	cre133	283	292	kd131	14	272	283	292	14	272
Q13557_60	Q13557	6ayw	A	cre133	283	292	kd131	14	272	283	292	14	272
Q13557_60	Q13557	2wel	A	cre133	283	292	kd131	14	272	283	292	14	272
Q13557_60	Q13557	2vn9	A	cre133	283	292	kd131	14	272	283	292	14	272
Q13557_60	Q6PHZ2	6bab	A	cre197	283	292	kd197	14	272	284	293	15	273
Q6PHZ2_60	Q6PHZ2	6bab	A	cre197	283	292	kd197	14	272	284	293	15	273
Q14012_60	Q14012	4fg7	A	cre135	276	316	kd133	20	276	276	277	20	276
Q91YS8_60	Q14012	4fg7	A	cre135	276	316	kd133	20	276	276	277	20	276
Q14012_60	Q14012	4fg9	A	cre135	276	316	kd133	20	276	276	314	20	276
Q91YS8_60	Q14012	4fg9	A	cre135	276	316	kd133	20	276	276	314	20	276
Q14012_60	Q14012	4fg8	A	cre135	276	316	kd133	20	276	276	299	20	276
Q91YS8_60	Q14012	4fg8	A	cre135	276	316	kd133	20	276	276	299	20	276
Q14012_60	Q14012	4fgb	A	cre135	276	316	kd133	20	276	276	299	20	276
Q91YS8_60	Q14012	4fgb	A	cre135	276	316	kd133	20	276	276	299	20	276
Q14680_60	Q14680	5twu	A	cre136	326	651	kd134	11	263	326	333	11	263
Q14680_60	Q14680	5twu	B	cre136	326	651	kd134	11	263	326	335	11	263
Q14680_60	Q14680	6gvx	A	cre136	326	651	kd134	11	263	326	333	11	263
Q14680_60	Q14680	5tx3	A	cre136	326	651	kd134	11	263	326	333	11	263
Q14680_60	Q14680	4d2p	B	cre136	326	651	kd134	11	263	326	333	11	263
Q14680_60	Q14680	4d2p	C	cre136	326	651	kd134	11	263	326	333	11	263
Q14680_60	Q14680	4d2t	A	cre136	326	651	kd134	11	263	326	333	11	263
Q14680_60	Q14680	4d2v	B	cre136	326	651	kd134	11	263	326	333	11	263
Q14680_60	Q14680	4d2v	C	cre136	326	651	kd134	11	263	326	333	11	263
Q14680_60	Q14680	4d2w	A	cre136	326	651	kd134	11	263	326	333	11	263
Q14680_60	Q14680	4d2w	D	cre136	326	651	kd134	11	263	326	333	11	263
Q14680_60	Q14680	4ump	A	cre136	326	651	kd134	11	263	326	333	11	263
Q14680_60	Q14680	4ump	D	cre136	326	651	kd134	11	263	326	333	11	263
Q14680_60	Q14680	6vxr	A	cre136	326	651	kd134	11	263	326	332	11	263
Q14680_60	Q14680	4ixp	A	cre136	326	651	kd134	11	263	326	335	11	263
Q14680_60	Q14680	4bkz	A	cre136	326	651	kd134	11	263	326	334	11	263
Q14680_60	Q14680	4bl1	A	cre136	326	651	kd134	11	263	326	333	11	263
Q14680_60	Q14680	5m5a	A	cre136	326	651	kd134	11	263	326	333	11	263
Q14680_60	Q14680	5maf	A	cre136	326	651	kd134	11	263	326	333	11	263
Q14680_60	Q14680	5mah	A	cre136	326	651	kd134	11	263	326	333	11	263
Q14680_60	Q14680	5mai	A	cre136	326	651	kd134	11	263	326	333	11	263
Q14680_60	Q14680	5tvt	A	cre136	326	651	kd134	11	263	326	333	11	263
Q14680_60	Q14680	5twl	A	cre136	326	651	kd134	11	263	326	333	11	263
Q14680_60	Q14680	5twy	A	cre136	326	651	kd134	11	263	326	333	11	263
Q14680_60	Q14680	5twz	A	cre136	326	651	kd134	11	263	326	333	11	263
Q14680_60	Q14680	5mag	A	cre136	326	651	kd134	11	263	326	335	11	263
Q14680_60	Q14680	4bky	A	cre136	326	651	kd134	11	263	326	333	11	263
Q14680_60	Q14680	4umt	A	cre136	326	651	kd134	11	263	326	333	11	263
Q14680_60	Q14680	4umu	A	cre136	326	651	kd134	11	263	326	333	11	263
Q14680_60	Q14680	5ih8	A	cre136	326	651	kd134	11	263	326	327	11	263
Q14680_60	Q14680	5ih9	A	cre136	326	651	kd134	11	263	326	327	11	263
Q14680_60	Q14680	5iha	A	cre136	326	651	kd134	11	263	326	327	11	263
Q14680_60	Q14680	5ihc	A	cre136	326	651	kd134	11	263	326	327	11	263
Q14680_60	Q14680	5k00	A	cre136	326	651	kd134	11	263	326	327	11	263
Q14680_60	Q14680	4umq	A	cre136	326	651	kd134	11	263	326	333	11	263
Q14680_60	Q14680	4umr	A	cre136	326	651	kd134	11	263	326	333	11	263
Q15418_60	Q15418	4nif	A	cre138	687	706	kd138	418	675	687	706	418	675
Q15418_60	Q15418	4nif	D	cre138	687	706	kd138	418	675	687	706	418	675
Q15418_60	Q15418	2wnt	A	cre138	687	706	kd138	418	675	687	706	418	675
Q15418_60	Q15418	2wnt	B	cre138	687	706	kd138	418	675	687	706	418	675
Q15418_60	Q15418	3rny	A	cre138	687	706	kd138	418	675	687	706	418	675
Q16566_60	Q16566	2w4o	A	cre139	305	321	kd139	46	300	305	321	46	300
Q16644_60	Q16644	3fhr	A	cre142	344	382	kd142	44	304	344	349	44	304
Q16644_60	Q16644	3fxw	A	cre142	344	382	kd142	44	304	344	349	44	304
Q16644_60	Q16644	7nrb	A	cre142	344	382	kd142	44	304	344	349	44	304
Q16644_60	Q16644	3r1n	A	cre142	344	382	kd142	44	304	344	348	44	304
Q16644_60	Q16644	3she	A	cre142	344	382	kd142	44	304	344	348	44	304
Q61846_60	Q61846	4bfm	A	cre178	326	643	kd178	11	263	326	331	11	263
Q61846_60	Q61846	4cqg	A	cre178	326	643	kd178	11	263	326	331	11	263
Q63450_60	Q63450	1a06	A	cre183	285	312	kd183	20	276	285	312	20	276
Q91YS8_60	Q63450	1a06	A	cre183	285	312	kd183	20	276	285	312	20	276
Q8BW96_60	Q8IU85	2jc6	A	cre226	279	319	kd226	23	279	279	313	23	279
Q8BW96_60	Q8IU85	2jc6	C	cre226	279	319	kd226	23	279	279	313	23	279
Q8IU85_60	Q8IU85	2jc6	A	cre226	279	319	kd226	23	279	279	313	23	279
Q8IU85_60	Q8IU85	2jc6	C	cre226	279	319	kd226	23	279	279	313	23	279
Q8BW96_60	Q8IU85	6t6f	A	cre226	279	319	kd226	23	279	279	318	23	279
Q8IU85_60	Q8IU85	6t6f	A	cre226	279	319	kd226	23	279	279	318	23	279
Q8BW96_60	Q8IU85	6qp5	A	cre226	279	319	kd226	23	279	279	302	23	279
Q8IU85_60	Q8IU85	6qp5	A	cre226	279	319	kd226	23	279	279	302	23	279
Q8IBS5_60	Q8IBS5	4rgj	A	cre224	350	358	kd224	71	329	350	358	71	329
Q8IBS5_60	Q8IBS5	4qox	A	cre224	350	358	kd224	71	329	350	358	71	329
Q8VDF3_60	Q8VDF3	2yaa	A	cre233	292	301	kd233	23	285	282	291	13	275
Q8VDF3_60	Q8VDF3	2yaa	B	cre233	292	301	kd233	23	285	282	291	13	275
Q8VDF3_60	Q8VDF3	2ya9	A	cre233	292	301	kd233	23	285	282	291	13	275
Q8VDF3_60	Q8VDF3	2ya9	B	cre233	292	301	kd233	23	285	282	291	13	275
Q8VDF3_60	Q8VDF3	2yab	A	cre233	292	301	kd233	23	285	282	291	13	275
Q8VDF3_60	Q8VDF3	2yab	B	cre233	292	301	kd233	23	285	282	291	13	275
Q8VDF3_60	Q9UIK4	2a2a	A	cre273	292	301	kd273	23	285	282	291	13	275
Q8VDF3_60	Q9UIK4	2a2a	B	cre273	292	301	kd273	23	285	282	291	13	275
Q9UIK4_60	Q9UIK4	2a2a	A	cre273	292	301	kd273	23	285	282	291	13	275
Q9UIK4_60	Q9UIK4	2a2a	B	cre273	292	301	kd273	23	285	282	291	13	275
Q8VDF3_60	Q9UIK4	2cke	A	cre273	292	301	kd273	23	285	282	291	13	275
Q9UIK4_60	Q9UIK4	2cke	A	cre273	292	301	kd273	23	285	282	291	13	275
Q8VDF3_60	Q9UIK4	1wmk	A	cre273	292	301	kd273	23	285	282	291	13	275
Q9UIK4_60	Q9UIK4	1wmk	A	cre273	292	301	kd273	23	285	282	291	13	275
Q8VDF3_60	Q9UIK4	2a27	A	cre273	292	301	kd273	23	285	282	291	13	275
Q8VDF3_60	Q9UIK4	2a27	E	cre273	292	301	kd273	23	285	282	291	13	275
Q9UIK4_60	Q9UIK4	2a27	A	cre273	292	301	kd273	23	285	282	291	13	275
Q9UIK4_60	Q9UIK4	2a27	E	cre273	292	301	kd273	23	285	282	291	13	275
Q8VDF3_60	Q9UIK4	1z9x	A	cre273	292	301	kd273	23	285	282	291	13	275
Q9UIK4_60	Q9UIK4	1z9x	A	cre273	292	301	kd273	23	285	282	291	13	275
Q8VDF3_60	Q9UIK4	6paw	A	cre273	292	301	kd273	23	285	282	291	13	275
Q9UIK4_60	Q9UIK4	6paw	A	cre273	292	301	kd273	23	285	282	291	13	275
Q91VB2_60	Q96NX5	2jam	A	cre243	277	317	kd243	23	277	278	303	23	278
Q96NX5_60	Q96NX5	2jam	A	cre243	277	317	kd243	23	277	278	303	23	278
